type,id,brand,model,year,tire_type,inner_tube,price_range,width_specified,width_measured,width_specified_unit,weight_specified,weight_measured,tread,casing,perc_tread,rr_medium,rr_high,rr_extra_high,rr_ultra_high,wet_grip_average,wet_grip_center,wet_grip_edge,puncture_score_tread,puncture_score_sidewall,puncture_force_sharp_tread,puncture_force_sharp_sidewall,puncture_force_blunt_tread,puncture_force_blunt_sidewall,tire_thickness_tread,tire_thickness_sidewall,rating,replaced,rr_extra_low,rr_low,knob_height_center,knob_height_edge
road,vittoria-corsa-pro-speed-tlr,Vittoria,Corsa Pro Speed TLR 28,2024.0,TLR,None,High+,28.0,27.9,mm,250.0,240.0,30.0,74.0,41.0,8.1,6.7,6.0,5.6,72.0,71.0,72.0,25.0,11.0,7.8,4.6,7.2,3.6,1.3,0.7,5.0,False,,,,
road,veloflex-record-tlr,Veloflex,Record TLR 25,2023.0,TLR,None,High+,25.0,26.3,mm,175.0,170.0,32.0,69.0,46.0,9.0,7.7,6.8,6.3,74.0,76.0,72.0,27.0,13.0,9.4,5.0,7.8,4.8,1.1,0.75,5.0,False,,,,
road,vittoria-corsa-speed-g2,Vittoria,Corsa Speed G+ 2.0 (TLR) 25,2019.0,TLR,None,High,25.0,26.5,mm,240.0,227.0,25.0,70.0,36.0,9.3,8.3,7.5,7.0,70.0,74.0,67.0,33.0,12.0,8.4,4.2,9.0,4.2,1.8,0.85,5.0,True,,,,
road,continental-grand-prix-5000-tt-tr,Continental,Grand Prix 5000 TT TR 28,2023.0,TLR,None,High+,28.0,29.1,mm,245.0,250.0,31.0,75.0,41.0,9.6,8.3,7.6,7.1,66.0,67.0,65.0,33.0,12.0,8.2,4.4,8.8,4.0,1.9,0.8,4.8,False,,,,
road,continental-grand-prix-5000-tt-tdf,Continental,Grand Prix 5000 TT TR (TdF) 25,2022.0,TLR,None,High+,25.0,26.0,mm,215.0,210.0,28.0,66.0,42.0,9.8,8.4,7.6,7.2,69.0,70.0,67.0,31.0,13.0,7.6,5.2,8.8,4.0,1.8,0.8,4.5,False,,,,
road,schwalbe-pro-one-tt-tle,Schwalbe,Pro One TT TLE Addix 25,2020.0,TLR,None,High,25.0,26.9,mm,205.0,222.0,32.0,66.0,48.0,10.7,9.0,8.1,7.5,55.0,53.0,58.0,24.0,15.0,6.2,5.2,7.0,5.4,1.6,0.9,3.5,False,,,,
road,vittoria-corsa-speed-2016,Vittoria,Corsa Speed G+ 1.0 (TLR) 23,2016.0,TLR,None,High,23.0,24.8,mm,205.0,225.0,25.0,66.0,38.0,10.9,9.2,8.3,7.7,,,,31.0,14.0,8.4,5.0,,,1.7,0.85,5.0,True,,,,
road,enve-raceday,Enve,SES Raceday 29,2024.0,TLR,None,High+,29.0,29.9,mm,210.0,214.0,36.0,76.0,47.0,10.8,9.3,8.2,7.8,80.0,79.0,81.0,37.0,15.0,10.2,6.0,9.6,5.8,1.7,0.5,5.0,False,,,,
road,continental-grand-prix-5000-tl-2018,Continental,Grand Prix 5000 TL 25,2018.0,TLR,None,High,25.0,26.8,mm,300.0,295.0,27.0,66.0,41.0,11.6,9.9,8.9,8.3,65.0,64.0,67.0,47.0,15.0,10.0,6.0,9.6,4.4,2.8,0.95,5.0,True,,,,
road,continental-grand-prix-5000-s-tr,Continental,Grand Prix 5000 S TR 25,2021.0,TLR,None,High+,25.0,25.5,mm,250.0,255.0,27.0,64.0,42.0,11.8,10.1,9.1,8.4,66.0,67.0,65.0,36.0,17.0,7.6,5.8,9.2,6.0,2.3,0.9,4.6,False,,,,
road,michelin-power-cup-tlr-28,Michelin,Power Cup TLR 28,2023.0,TLR,None,High,28.0,29.0,mm,285.0,283.0,26.0,75.0,35.0,12.0,10.3,9.0,8.5,74.0,73.0,75.0,45.0,18.0,10.0,6.6,10.0,5.8,2.5,0.9,4.8,False,,,,
road,continental-grand-prix-5000-s-tr-28,Continental,Grand Prix 5000 S TR 28,2023.0,TLR,None,High+,28.0,28.6,mm,280.0,265.0,31.0,74.0,42.0,11.2,9.7,9.1,8.5,70.0,72.0,68.0,34.0,15.0,8.4,5.4,8.0,4.6,2.1,0.9,4.6,False,,,,
road,goodyear-eagle-f1-supersport-r,Goodyear,Eagle F1 SuperSport R TLC 28,2023.0,TLR,None,High+,28.0,28.8,mm,255.0,264.0,27.0,71.0,38.0,12.4,10.2,9.1,8.5,76.0,80.0,71.0,33.0,17.0,10.0,6.0,8.2,5.6,1.6,1.0,4.5,False,,,,
road,continental-grand-prix-5000-s-tr-30,Continental,Grand Prix 5000 S TR 30,2024.0,TLR,None,High+,30.0,29.8,mm,300.0,308.0,33.0,78.0,42.0,11.6,10.0,9.2,8.6,67.0,67.0,68.0,40.0,17.0,10.0,6.0,8.4,5.6,2.4,0.85,4.6,False,,,,
road,michelin-power-time-trial-2020,Michelin,Power Time Trial 25,2020.0,TT,Butyl,High,25.0,27.2,mm,190.0,206.0,27.0,66.0,41.0,12.7,10.6,9.2,8.6,67.0,66.0,67.0,35.0,9.0,8.2,3.6,8.8,3.6,2.1,0.55,5.0,False,,,,
road,veloflex-record,Veloflex,Record (silica compound) 23,2021.0,TT,Butyl,High,23.0,24.2,mm,135.0,137.0,27.0,64.0,42.0,13.0,10.6,9.4,8.7,78.0,80.0,75.0,21.0,14.0,7.0,6.8,7.2,4.2,0.9,0.6,4.3,False,,,,
road,vittoria-corsa-speed-tubular-2017,Vittoria,Corsa Speed (tubular) 23,2017.0,TU,Tubular,High+,23.0,22.9,mm,200.0,209.0,,,,11.9,10.6,9.4,8.9,,,,29.0,11.0,8.2,3.8,,,1.5,0.45,5.0,False,,,,
road,michelin-power-cup-tlr,Michelin,Power Cup TLR 25,2022.0,TLR,None,High,25.0,27.7,mm,270.0,259.0,25.0,71.0,35.0,12.7,10.8,9.6,8.9,71.0,71.0,72.0,42.0,17.0,9.2,6.0,10.0,5.2,2.4,0.95,4.8,False,,,,
road,vittoria-corsa-pro-tlr,Vittoria,Corsa Pro TLR 28,2023.0,TLR,None,High+,28.0,27.8,mm,295.0,273.0,30.0,73.0,41.0,13.2,11.1,9.9,9.3,74.0,73.0,75.0,46.0,12.0,9.8,4.2,11.2,4.2,2.4,0.7,5.0,False,,,,
road,challenge-criterium-rs,Challenge,Criterium RS 25,2023.0,TLR,None,High+,25.0,24.9,mm,225.0,235.0,29.0,66.0,44.0,12.7,10.8,9.9,9.4,61.0,64.0,58.0,61.0,15.0,14.6,5.4,12.0,4.6,2.6,1.0,4.0,False,,,,
road,vittoria-corsa-pro-tlr-26,Vittoria,Corsa Pro TLR 26,2023.0,TLR,None,High+,26.0,26.0,mm,275.0,257.0,29.0,67.0,43.0,13.3,11.4,10.2,9.6,74.0,74.0,74.0,43.0,13.0,10.4,3.8,9.2,5.0,2.4,1.0,5.0,False,,,,
road,continental-grand-prix-5000-s-tr-transparent,Continental,Grand Prix 5000 S TR (tanwall) 25,2022.0,TLR,None,High+,25.0,24.9,mm,250.0,252.0,27.0,64.0,42.0,13.8,11.5,10.3,9.6,69.0,71.0,67.0,38.0,17.0,8.4,5.8,9.2,5.8,2.3,0.85,4.3,False,,,,
road,zipp-tangente-speed-tubeless,Zipp,Tangente Speed Tubeless 25,2021.0,TLR,None,High+,25.0,25.9,mm,292.0,295.0,23.0,63.0,37.0,14.3,11.8,10.3,9.6,62.0,59.0,66.0,50.0,19.0,10.6,5.4,11.2,6.6,2.6,1.1,4.3,False,,,,
road,tufo-comtura-prima-tr,Tufo,Comtura Prima TR 28,2023.0,TLR,None,High+,28.0,29.8,mm,240.0,239.0,38.0,76.0,50.0,14.4,12.0,10.5,9.7,77.0,77.0,77.0,51.0,14.0,14.2,5.2,10.8,5.6,2.1,0.55,5.0,False,,,,
road,specialized-turbo-rapidair,Specialized,S-Works Turbo RapidAir 2Bliss Ready 26,2020.0,TLR,None,High+,26.0,26.0,mm,265.0,261.0,29.0,65.0,45.0,14.7,12.1,10.5,9.7,73.0,73.0,73.0,40.0,19.0,9.4,5.0,9.8,7.0,2.2,1.1,4.3,True,,,,
road,continental-grand-prix-5000-s-tr-transparent-28,Continental,Grand Prix 5000 S TR (tanwall) 28,2024.0,TLR,None,Very high,28.0,28.5,mm,280.0,284.0,31.0,74.0,42.0,13.7,11.7,10.5,9.8,68.0,69.0,67.0,36.0,16.0,8.4,6.0,8.4,5.2,2.3,0.9,4.3,False,,,,
road,specialized-turbo-rapidair-t2-t5,Specialized,S-Works Turbo RapidAir 2Bliss Ready T2/T5 26,2022.0,TLR,None,High+,26.0,26.4,mm,230.0,223.0,29.0,65.0,45.0,13.9,11.7,10.6,9.8,73.0,76.0,70.0,44.0,19.0,10.6,7.0,11.6,5.8,1.9,0.9,4.4,False,,,,
road,continental-grand-prix-tt-2016,Continental,Grand Prix TT 25,2016.0,TT,Butyl,High,25.0,27.4,mm,190.0,195.0,,,,13.9,11.8,10.5,9.9,,,,34.0,11.0,8.8,4.6,,,1.9,0.45,5.0,False,,,,
road,continental-grand-prix-5000-2018,Continental,Grand Prix 5000 25,2018.0,TT,Butyl,High,25.0,26.3,mm,215.0,221.0,28.0,66.0,42.0,14.2,12.1,10.7,10.0,67.0,66.0,67.0,49.0,11.0,10.0,4.2,10.6,4.4,2.8,0.55,5.0,False,,,,
road,michelin-power-road-tlr-2020,Michelin,Power Road TLR 25,2020.0,TLR,None,High,25.0,27.1,mm,275.0,267.0,25.0,67.0,37.0,14.3,12.1,10.7,10.1,65.0,62.0,68.0,41.0,19.0,9.6,5.0,7.8,7.4,2.7,1.0,4.0,False,,,,
road,hutchinson-fusion-5-galactik-2017,Hutchinson,Fusion 5 Galactik TL 25,2017.0,TLR,None,High,25.0,25.5,mm,260.0,288.0,24.0,64.0,38.0,14.6,12.3,11.0,10.1,,,,41.0,15.0,9.4,5.0,,,2.5,1.05,5.0,True,,,,
road,specialized-turbo-cotton-2016,Specialized,Turbo Cotton 24,2016.0,TT,Butyl,High+,24.0,25.4,mm,220.0,224.0,,,,15.0,12.5,11.1,10.1,,,,36.0,13.0,9.0,4.8,,,2.1,0.75,5.0,False,,,,
road,pirelli-p-zero-velo-tt-2017,Pirelli,P Zero Velo TT 23,2017.0,TT,Butyl,High,23.0,24.9,mm,165.0,163.0,24.0,63.0,38.0,14.6,12.2,11.0,10.2,,,,28.0,10.0,7.6,4.0,,,1.7,0.6,5.0,False,,,,
road,continental-grand-prix-supersonic-2017,Continental,Grand Prix SuperSonic 23,2017.0,TT,Butyl,High,23.0,25.0,mm,150.0,179.0,27.0,62.0,44.0,15.0,12.5,11.0,10.2,,,,29.0,12.0,7.4,5.0,,,1.9,0.5,4.0,False,,,,
road,schwalbe-pro-one-tle-2020,Schwalbe,Pro One TLE Addix 25,2020.0,TLR,None,High,25.0,26.0,mm,245.0,263.0,30.0,64.0,47.0,14.7,12.5,11.2,10.2,64.0,58.0,71.0,43.0,15.0,10.0,5.2,8.4,5.6,2.7,0.85,4.0,False,,,,
road,pirelli-p-zero-velo-race-tlr-sl,Pirelli,P Zero Velo Race TLR SL 26,2020.0,TLR,None,High,26.0,26.6,mm,245.0,247.0,28.0,63.0,44.0,15.6,12.9,11.3,10.3,67.0,64.0,71.0,36.0,22.0,8.2,7.2,8.2,7.2,2.4,1.1,4.0,False,,,,
road,continental-grand-prix-5000-as-tr-28,Continental,Grand Prix 5000 All Season TR 28,2023.0,TLR,None,High+,28.0,28.6,mm,335.0,345.0,30.0,73.0,41.0,14.4,12.2,11.1,10.4,82.0,83.0,80.0,46.0,26.0,9.8,7.4,10.0,7.6,2.7,1.45,5.0,False,,,,
road,continental-grand-prix-4000-rs-2018,Continental,Grand Prix 4000 RS 25,2018.0,TT,Butyl,High,25.0,27.3,mm,205.0,205.0,,,,14.4,12.3,11.0,10.5,,,,40.0,11.0,9.4,4.4,,,2.3,0.55,5.0,True,,,,
road,schwalbe-pro-one-aero-front,Schwalbe,Pro One Aero TLE (Front) 28,2024.0,TLR,None,High+,28.0,27.9,mm,235.0,243.0,30.0,70.0,43.0,15.4,12.9,11.4,10.5,71.0,68.0,74.0,40.0,14.0,9.0,5.6,8.6,4.2,2.5,0.8,4.1,False,,,,
road,veloflex-corsa-race-tlr,Veloflex,Corsa Race TLR 25,2021.0,TLR,None,High,25.0,25.7,mm,225.0,222.0,31.0,67.0,46.0,14.8,12.7,11.4,10.6,66.0,65.0,67.0,58.0,16.0,13.6,6.8,14.2,4.6,2.2,0.85,4.3,False,,,,
road,michelin-power-cup,Michelin,Power Cup 25,2022.0,TT,Butyl,High,25.0,27.1,mm,215.0,218.0,26.0,66.0,39.0,16.1,13.2,11.4,10.6,74.0,72.0,76.0,50.0,11.0,10.6,4.4,11.8,4.2,2.5,0.6,5.0,False,,,,
road,specialized-turbo-cotton-hell-of-the-north,Specialized,Turbo Cotton Hell of the North 28,2023.0,TT,Butyl,High+,28.0,28.2,mm,260.0,253.0,38.0,76.0,50.0,15.8,13.2,11.6,10.6,64.0,61.0,67.0,40.0,14.0,9.6,4.8,9.8,4.8,2.1,0.85,4.4,False,,,,
road,continental-grand-prix-5000-as-tr,Continental,Grand Prix 5000 All Season TR 25,2023.0,TLR,None,High+,25.0,25.7,mm,300.0,282.0,26.0,64.0,41.0,14.7,12.6,11.6,10.9,77.0,78.0,76.0,43.0,24.0,9.0,6.8,10.2,7.2,2.5,1.4,5.0,False,,,,
road,hutchinson-blackbird-tlr,Hutchinson,BlackBird TLR  28,2024.0,TLR,None,High,28.0,27.9,mm,290.0,291.0,29.0,69.0,42.0,16.4,13.3,11.7,10.9,76.0,76.0,75.0,55.0,18.0,11.0,5.8,11.8,6.2,2.8,1.0,4.8,False,,,,
road,pirelli-p-zero-race-tlr-28,Pirelli,P Zero Race TLR SpeedCore 28,2023.0,TLR,None,High+,28.0,27.8,mm,295.0,314.0,30.0,70.0,43.0,15.6,13.3,11.8,10.9,75.0,76.0,75.0,56.0,20.0,11.6,6.8,10.8,6.6,3.0,1.05,5.0,False,,,,
road,michelin-power-competition-2016,Michelin,Power Competition 25,2016.0,TT,Butyl,High,25.0,26.8,mm,215.0,212.0,,,,16.6,13.6,11.8,10.9,,,,50.0,9.0,11.2,3.6,,,2.6,0.5,5.0,False,,,,
road,schwalbe-pro-one-tubeless-2016,Schwalbe,Pro One Tubeless 25,2016.0,TLR,None,High,25.0,27.1,mm,255.0,257.0,,,,14.8,12.8,11.6,11.0,,,,49.0,17.0,11.6,6.0,,,2.3,0.9,5.0,True,,,,
road,continental-grand-prix-force-2016,Continental,Grand Prix Force II 24,2016.0,TT,Butyl,High,24.0,25.8,mm,195.0,196.0,,,,16.3,13.4,11.6,11.0,,,,39.0,10.0,9.2,4.0,,,2.3,0.5,4.0,False,,,,
road,panaracer-agilest-tlr,Panaracer,Agilest TLR 28,2023.0,TLR,None,High,28.0,27.5,mm,250.0,235.0,34.0,72.0,47.0,15.5,13.3,12.2,11.3,67.0,70.0,63.0,40.0,22.0,10.6,9.0,10.2,7.6,1.8,0.65,3.5,False,,,,
road,pirelli-p-zero-race-tlr-sl,Pirelli,P Zero Race TLR SL (TechWall) 28,2024.0,TLR,None,High,28.0,28.9,mm,275.0,288.0,30.0,71.0,42.0,16.2,13.7,12.2,11.3,73.0,74.0,71.0,46.0,25.0,10.6,7.2,9.4,8.6,2.6,1.2,4.3,False,,,,
road,continental-grand-prix-attack-2016,Continental,Grand Prix Attack II 22,2016.0,TT,Butyl,High,22.0,23.9,mm,175.0,182.0,,,,16.8,13.7,12.1,11.4,,,,37.0,10.0,9.0,4.0,,,2.2,0.45,4.0,False,,,,
road,enve-ses-road-tire,Enve,SES Road Tire Tubeless 25,2020.0,TLR,None,High+,25.0,26.7,mm,255.0,243.0,30.0,66.0,45.0,17.2,14.4,12.4,11.4,69.0,68.0,71.0,64.0,16.0,15.6,5.2,14.8,6.6,2.2,0.7,4.0,False,,,,
road,bontrager-r4-320-2016,Bontrager,R4 320 25,2016.0,TT,Butyl,High+,25.0,25.3,mm,230.0,226.0,,,,16.4,13.9,12.2,11.5,,,,44.0,12.0,10.8,4.4,,,2.2,0.8,4.0,False,,,,
road,schwalbe-pro-one-aero-rear,Schwalbe,Pro One Aero TLE (Rear) 28,2023.0,TLR,None,High+,28.0,28.7,mm,270.0,275.0,32.0,70.0,46.0,15.8,13.7,12.4,11.5,69.0,70.0,68.0,44.0,16.0,9.6,5.4,9.2,5.4,2.7,0.9,4.0,False,,,,
road,pirelli-p-zero-race-4s,Pirelli,P Zero Race 4S 26,2022.0,TT,Butyl,High,26.0,26.7,mm,240.0,233.0,29.0,65.0,45.0,16.5,14.0,12.3,11.6,73.0,74.0,71.0,50.0,15.0,11.0,5.8,9.4,5.8,2.9,0.65,5.0,False,,,,
road,specialized-turbo-2br-t2-t5,Specialized,S-Works Turbo 2Bliss Ready T2/T5 28,2023.0,TLR,None,High+,28.0,27.9,mm,280.0,298.0,30.0,69.0,43.0,16.6,14.0,12.5,11.6,71.0,74.0,67.0,66.0,16.0,15.0,6.0,12.0,5.6,2.9,0.8,4.6,False,,,,
road,zipp-tangente-speed-2017,Zipp,Tangente Speed 25,2017.0,TT,Butyl,High,25.0,25.7,mm,0.0,190.0,,,,17.3,14.6,12.5,11.6,,,,30.0,8.0,7.4,3.4,,,2.1,0.45,4.0,False,,,,
road,mavic-yksion-pro-ust-2018,Mavic,Yksion Pro UST Tubeless 25,2018.0,TLR,None,High,25.0,26.7,mm,260.0,256.0,27.0,64.0,42.0,15.4,13.3,12.2,11.7,,,,50.0,21.0,10.8,6.8,,,2.8,1.1,5.0,False,,,,
road,pirelli-p-zero-velo-race-tlr,Pirelli,P Zero Velo Race TLR 26,2020.0,TLR,None,High,26.0,26.0,mm,270.0,267.0,26.0,62.0,42.0,16.9,14.3,12.7,11.7,67.0,63.0,71.0,57.0,25.0,12.2,7.6,10.4,8.4,3.0,1.1,4.5,False,,,,
road,goodyear-eagle-f1-r,Goodyear,Eagle F1 R TLC 28,2023.0,TLR,None,High+,28.0,28.5,mm,310.0,310.0,28.0,72.0,39.0,17.8,14.7,12.8,11.7,75.0,80.0,71.0,52.0,17.0,11.8,5.8,11.8,5.6,2.4,1.05,4.3,False,,,,
road,challenge-strada-pro-htlr,Challenge,Strada Pro HTLR 25,2022.0,TLR,None,High+,25.0,25.0,mm,255.0,261.0,30.0,67.0,45.0,15.7,13.4,12.4,11.8,59.0,58.0,60.0,50.0,16.0,12.2,5.0,10.6,5.8,2.4,1.0,3.5,False,,,,
road,schwalbe-one-tubeless-2014,Schwalbe,One Tubeless 25,2014.0,TLR,None,High,25.0,26.3,mm,340.0,344.0,,,,16.3,13.8,12.5,11.8,,,,58.0,26.0,12.2,8.0,,,2.9,1.2,4.0,True,,,,
road,vittoria-rubino-pro-speed-2016,Vittoria,Rubino Pro Speed 25,2016.0,TT,Butyl,High,25.0,26.9,mm,190.0,206.0,32.0,63.0,51.0,17.4,14.3,12.6,11.9,,,,37.0,8.0,8.8,3.0,,,2.3,0.5,4.0,True,,,,
road,veloflex-corsa-evo-tlr,Veloflex,Corsa Evo TLR 25,2021.0,TLR,None,High,25.0,25.4,mm,235.0,236.0,31.0,67.0,46.0,16.7,14.4,12.8,11.9,68.0,70.0,67.0,60.0,18.0,14.2,6.2,13.2,6.0,2.4,0.95,4.0,False,,,,
road,hutchinson-fusion-5-galactik-tlr-11storm,Hutchinson,Fusion 5 Galactik TLR 11Storm 25,2021.0,TLR,None,High,25.0,26.9,mm,240.0,226.0,24.0,65.0,37.0,16.9,14.8,13.1,12.0,65.0,63.0,67.0,43.0,23.0,10.0,7.6,9.4,7.6,2.4,1.05,3.5,False,,,,
road,vittoria-corsa-next-tlr-28,Vittoria,Corsa N.EXT TLR 28,2022.0,TLR,None,High,28.0,28.8,mm,330.0,298.0,27.0,71.0,38.0,16.1,14.1,12.9,12.1,72.0,70.0,74.0,51.0,17.0,10.0,6.2,10.0,4.8,3.1,1.0,4.5,False,,,,
road,wolfpack-road-race,Wolfpack,Road Race 26,2020.0,TT,Butyl,High,26.0,26.9,mm,225.0,247.0,32.0,66.0,48.0,19.2,15.5,13.3,12.1,67.0,58.0,76.0,48.0,12.0,10.8,4.6,8.8,4.8,2.9,0.6,4.0,False,,,,
road,vittoria-corsa-g2-tlr,Vittoria,Corsa G+ 2.0 TLR 25,2020.0,TLR,None,High,25.0,26.7,mm,290.0,297.0,31.0,69.0,45.0,16.8,14.3,12.8,12.2,70.0,69.0,71.0,54.0,15.0,12.4,5.2,10.2,4.4,2.8,1.05,4.0,False,,,,
road,continental-grand-prix-4000s-ii-2014,Continental,Grand Prix 4000S II 25,2014.0,TT,Butyl,High,25.0,27.2,mm,225.0,215.0,,,,15.5,13.7,12.9,12.2,,,,52.0,14.0,11.0,5.4,,,2.9,0.55,5.0,True,,,,
road,vittoria-corsa-graphene-2016,Vittoria,Corsa G+ 1.0 (open) 25,2016.0,TT,Butyl,High,25.0,26.8,mm,240.0,255.0,,,,16.3,14.1,12.9,12.2,,,,47.0,15.0,11.0,5.6,,,2.4,0.75,5.0,True,,,,
road,schwalbe-one-vguard-clincher-2014,Schwalbe,One V-Guard 25,2014.0,TT,Butyl,High,25.0,27.0,mm,225.0,243.0,,,,16.6,14.0,12.8,12.3,,,,59.0,12.0,12.4,4.6,,,2.9,0.5,5.0,True,,,,
road,vittoria-corsa-g-tubular-2016,Vittoria,Corsa G+ (tubular) 25,2016.0,TU,Tubular,High+,25.0,24.8,mm,280.0,281.0,,,,16.4,14.1,12.8,12.3,,,,49.0,10.0,11.6,3.6,,,2.3,0.65,5.0,False,,,,
road,veloflex-corsa-race,Veloflex,Corsa Race (clincher) 25,2021.0,TT,Butyl,High,25.0,25.6,mm,200.0,203.0,31.0,68.0,46.0,17.0,14.5,13.1,12.3,69.0,67.0,71.0,54.0,14.0,12.4,6.0,14.0,4.0,2.1,0.7,4.0,False,,,,
road,vittoria-corsa-next-tlr,Vittoria,Corsa N.EXT TLR 26,2022.0,TLR,None,High,26.0,26.1,mm,285.0,268.0,26.0,65.0,40.0,16.9,14.6,13.2,12.3,73.0,74.0,73.0,52.0,17.0,10.0,5.6,10.8,5.2,3.0,1.1,4.5,False,,,,
road,michelin-power-road-2020,Michelin,Power Road 25,2020.0,TT,Butyl,High,25.0,26.5,mm,235.0,239.0,28.0,67.0,42.0,18.2,15.1,13.3,12.4,68.0,66.0,69.0,55.0,13.0,11.2,4.6,11.8,5.2,2.8,0.7,4.0,False,,,,
road,pirelli-p-zero-velo-2017,Pirelli,P Zero Velo 25,2017.0,TT,Butyl,High,25.0,27.4,mm,210.0,210.0,,,,17.2,14.6,13.2,12.5,,,,54.0,12.0,12.0,4.8,,,2.6,0.6,5.0,False,,,,
road,vittoria-corsa-pro-control-tlr,Vittoria,Corsa Pro Control TLR 28,2023.0,TLR,None,High+,28.0,27.7,mm,310.0,307.0,32.0,73.0,44.0,17.9,15.1,13.4,12.5,73.0,73.0,72.0,50.0,11.0,11.4,3.6,9.4,4.0,2.8,0.7,4.1,False,,,,
road,vittoria-corsa-control-g2-tlr,Vittoria,Corsa Control G+ 2.0 TLR 25,2020.0,TLR,None,High,25.0,26.8,mm,300.0,307.0,34.0,70.0,49.0,16.8,14.6,13.3,12.6,71.0,70.0,72.0,53.0,14.0,12.0,5.0,9.8,4.0,2.9,1.05,4.1,False,,,,
road,pirelli-p-zero-race,Pirelli,P Zero Race 26,2021.0,TT,Butyl,High,26.0,26.3,mm,205.0,204.0,28.0,66.0,42.0,17.3,15.0,13.5,12.6,60.0,61.0,60.0,55.0,11.0,11.8,4.6,13.6,4.0,2.3,0.55,3.7,False,,,,
road,schwalbe-pro-one-tubetype-2020,Schwalbe,Pro One (tubetype) Addix 25,2020.0,TT,Butyl,High,25.0,25.3,mm,235.0,243.0,30.0,62.0,48.0,18.7,15.4,13.8,12.8,63.0,55.0,71.0,48.0,18.0,11.4,5.8,8.0,7.6,2.9,0.7,4.0,False,,,,
road,pirelli-p-zero-race-tlr-4s,Pirelli,P Zero Race TLR 4S SpeedCore 28,2023.0,TLR,None,High+,28.0,28.4,mm,330.0,330.0,31.0,70.0,44.0,18.3,15.4,13.8,12.8,76.0,76.0,76.0,64.0,22.0,14.0,7.0,11.0,7.4,3.1,1.0,4.8,False,,,,
road,specialized-s-works-mondo-2br-28,Specialized,S-Works Mondo 2Bliss Ready T2/T5 28,2023.0,TLR,None,High+,28.0,29.0,mm,310.0,325.0,33.0,71.0,46.0,18.6,15.7,13.8,12.8,74.0,79.0,69.0,64.0,19.0,12.0,5.8,14.2,6.6,2.9,1.1,4.5,False,,,,
road,schwalbe-ironman-tubeless-2015,Schwalbe,Ironman Tubeless 24,2015.0,TLR,None,High,24.0,25.4,mm,330.0,336.0,,,,16.6,14.5,13.5,12.9,,,,66.0,24.0,13.4,7.6,,,3.2,1.2,3.0,True,,,,
road,vittoria-corsa-elite-2017,Vittoria,Corsa Elite (tubular) 25,2017.0,TU,Tubular,High,25.0,25.0,mm,290.0,298.0,,,,18.1,15.4,13.6,12.9,,,,51.0,9.0,12.0,3.4,,,2.4,0.6,4.0,False,,,,
road,tufo-comtura-4-tr,Tufo,Comtura 4 TR 28,2023.0,TLR,None,High,28.0,29.3,mm,280.0,294.0,36.0,75.0,48.0,18.7,15.6,13.9,12.9,68.0,71.0,65.0,74.0,17.0,16.0,7.0,15.6,5.6,2.7,0.7,4.1,False,,,,
road,cadex-race-tubeless,Cadex,Race Tubeless 25,2022.0,TLR,None,High+,25.0,26.2,mm,270.0,276.0,31.0,67.0,46.0,18.2,15.3,13.8,13.0,71.0,74.0,68.0,48.0,17.0,9.6,5.8,11.2,5.4,2.6,1.0,3.5,False,,,,
road,vittoria-corsa-graphene2,Vittoria,Corsa G+ 2.0 (open) 25,2019.0,TT,Butyl,High,25.0,26.6,mm,255.0,260.0,31.0,70.0,44.0,18.6,15.5,14.0,13.0,69.0,67.0,72.0,49.0,15.0,12.0,5.6,9.4,4.6,2.6,0.9,4.0,False,,,,
road,maxxis-padrone-tr-2018,Maxxis,Padrone Tubeless Ready 25,2018.0,TLR,None,High,25.0,25.0,mm,270.0,264.0,24.0,64.0,38.0,19.3,15.8,14.0,13.1,,,,54.0,15.0,12.0,5.2,,,2.6,0.9,4.0,False,,,,
road,hutchinson-fusion-5-performance-2017,Hutchinson,Fusion 5 Performance TL 25,2017.0,TLR,None,High,25.0,25.7,mm,315.0,323.0,23.0,62.0,37.0,17.8,15.8,14.0,13.1,,,,53.0,26.0,11.0,7.8,,,3.0,1.3,5.0,True,,,,
road,maxxis-high-road,Maxxis,High Road 25,2019.0,TT,Butyl,High,25.0,27.4,mm,210.0,209.0,27.0,67.0,40.0,18.2,16.0,14.2,13.2,68.0,68.0,69.0,53.0,13.0,13.0,4.6,10.2,6.0,2.6,0.5,4.0,False,,,,
road,vittoria-open-corsa-cx-iii-2014,Vittoria,Open Corsa CX III 25,2014.0,TT,Butyl,High,25.0,27.6,mm,220.0,237.0,,,,17.8,15.5,14.1,13.3,,,,,,12.0,,,,,,4.0,True,,,,
road,challenge-strada-pro-2017,Challenge,Strada Pro 25,2017.0,TT,Butyl,High,25.0,26.9,mm,240.0,254.0,,,,17.9,15.3,14.0,13.4,,,,49.0,9.0,11.8,3.0,,,2.3,1.0,3.0,False,,,,
road,veloflex-corsa-2016,Veloflex,Corsa 25,2016.0,TT,Butyl,High,25.0,25.2,mm,205.0,200.0,,,,18.2,15.8,14.0,13.4,,,,51.0,12.0,12.8,4.2,,,2.1,0.75,4.0,True,,,,
road,vittoria-rubino-pro-iii-2014,Vittoria,Rubino Pro III 25,2014.0,TT,Butyl,Med,25.0,26.1,mm,235.0,238.0,,,,18.6,16.0,14.0,13.4,,,,60.0,,12.2,7.4,,3.8,3.2,0.55,4.0,True,,,,
road,specialized-s-works-turbo-2016,Specialized,S-Works Turbo 24,2016.0,TT,Butyl,High,24.0,25.2,mm,210.0,215.0,30.0,60.0,50.0,19.6,16.3,14.4,13.4,,,,47.0,12.0,10.0,4.6,,,2.8,0.5,3.0,False,,,,
road,bontrager-r3-hard-case-lite-tlr,Bontrager,R3 Hard-Case Lite TLR 25,2021.0,TLR,None,High+,25.0,25.9,mm,285.0,300.0,26.0,65.0,40.0,18.9,16.3,14.4,13.6,67.0,70.0,64.0,55.0,17.0,10.6,5.2,12.4,6.2,2.8,1.0,3.0,False,,,,
road,pirelli-p-zero-road,Pirelli,P Zero Road 26,2021.0,TT,Butyl,High,26.0,25.6,mm,235.0,222.0,29.0,65.0,45.0,20.3,17.0,14.8,13.7,68.0,70.0,67.0,42.0,13.0,10.2,6.0,8.0,4.4,2.6,0.55,3.0,False,,,,
road,rene-herse-chinook-pass-extralight,Rene Herse,Chinook Pass Extralight 28,2023.0,TT,Butyl,High+,28.0,28.0,mm,225.0,216.0,36.0,73.0,49.0,18.7,15.9,14.4,13.8,58.0,57.0,58.0,40.0,9.0,9.8,3.8,9.2,4.0,2.2,0.4,2.7,False,,,,
road,specialized-turbo-t2-t5,Specialized,S-Works Turbo T2/T5 26,2023.0,TT,Butyl,High,26.0,25.3,mm,220.0,233.0,30.0,62.0,48.0,20.1,16.6,14.8,13.8,73.0,75.0,71.0,74.0,14.0,17.4,5.2,13.0,5.6,2.9,0.65,4.0,False,,,,
road,panaracer-race-l-evo-3-2018,Panaracer,Race L Evo 3 25,2018.0,TT,Butyl,High,25.0,27.0,mm,200.0,199.0,30.0,69.0,43.0,19.0,16.4,14.6,13.9,,,,59.0,17.0,14.4,6.8,,,2.2,0.5,4.0,False,,,,
road,goodyear-eagle-f1-tubeless,Goodyear,Eagle F1 TLC 25,2021.0,TLR,None,High,25.0,25.7,mm,275.0,280.0,25.0,64.0,39.0,18.8,16.1,14.7,13.9,67.0,68.0,65.0,43.0,18.0,9.2,6.2,8.8,6.4,2.8,0.9,3.0,False,,,,
road,continental-grand-prix-2014,Continental,Grand Prix 25,2014.0,TT,Butyl,Med,25.0,26.3,mm,245.0,239.0,,,,18.5,15.9,14.5,14.0,,,,,,13.0,,,,,,4.0,False,,,,
road,vittoria-corsa-next,Vittoria,Corsa N.EXT 26,2023.0,TT,Butyl,High,26.0,25.5,mm,200.0,200.0,25.0,62.0,40.0,19.7,16.8,15.0,14.0,73.0,71.0,74.0,51.0,14.0,11.8,5.0,9.4,5.6,2.7,0.6,4.0,False,,,,
road,continental-ultra-sport-iii-2020,Continental,Ultra Sport III 25,2020.0,TT,Butyl,Low,25.0,25.8,mm,270.0,267.0,27.0,64.0,42.0,19.4,16.6,14.7,14.1,71.0,70.0,72.0,53.0,13.0,10.4,4.6,10.6,5.2,3.0,0.7,3.1,False,,,,
road,schwalbe-ultremo-zx-evolution-2014,Schwalbe,Ultremo ZX 25,2014.0,TT,Butyl,Med,25.0,25.3,mm,215.0,229.0,,,,19.5,16.3,15.0,14.1,,,,,,12.2,,,,,,2.0,True,,,,
road,vittoria-corsa-control-g2,Vittoria,Corsa Control G+ 2.0 (open) 25,2019.0,TT,Butyl,High,25.0,27.1,mm,265.0,262.0,34.0,70.0,49.0,20.1,17.0,15.4,14.1,70.0,68.0,72.0,53.0,12.0,12.0,5.4,10.4,3.8,2.7,0.9,4.0,False,,,,
road,continental-competition-2016,Continental,Competition (tubular) 25,2016.0,TU,Tubular,High+,25.0,25.1,mm,280.0,285.0,,,,18.7,16.5,15.3,14.2,,,,50.0,10.0,11.4,4.0,,,2.5,0.55,3.0,False,,,,
road,continental-ultra-sport-ii-2015,Continental,Ultra Sport II 25,2015.0,TT,Butyl,Low,25.0,25.9,mm,260.0,267.0,,,,18.9,16.4,14.8,14.3,,,,51.0,12.0,10.8,4.4,,,3.0,0.7,3.0,True,,,,
road,hutchinson-fusion-5-all-season-2017,Hutchinson,Fusion 5 All Season TL 25,2017.0,TLR,None,High,25.0,25.0,mm,325.0,335.0,23.0,62.0,37.0,19.1,16.8,15.2,14.3,,,,50.0,26.0,10.0,7.8,,,3.3,1.3,4.0,True,,,,
road,michelin-pro-4-endurance-v2-2015,Michelin,Pro 4 Endurance v2 25,2015.0,TT,Butyl,High,25.0,27.6,mm,245.0,245.0,,,,20.1,17.2,15.4,14.5,,,,72.0,24.0,15.0,8.4,,,2.9,0.9,5.0,False,,,,
road,michelin-power-endurance-2016,Michelin,Power Endurance 25,2016.0,TT,Butyl,High,25.0,26.7,mm,230.0,235.0,,,,21.2,17.9,15.6,14.5,,,,63.0,15.0,13.4,5.6,,,2.8,0.6,3.0,False,,,,
road,continental-grand-prix-4-season,Continental,Grand Prix 4 Season 25,2022.0,TT,Butyl,High,25.0,26.9,mm,230.0,228.0,25.0,66.0,38.0,20.4,17.6,15.5,14.6,70.0,71.0,69.0,61.0,20.0,13.0,7.0,12.4,7.4,2.8,0.75,4.0,False,,,,
road,pirelli-p-zero-velo-4s-2017,Pirelli,P Zero Velo 4S 25,2017.0,TT,Butyl,High,25.0,27.3,mm,220.0,220.0,,,,20.2,17.6,15.9,14.7,,,,65.0,14.0,13.6,5.2,,,2.9,0.65,5.0,False,,,,
road,irc-formula-pro-tubeless-rbcc,IRC,Formula Pro Tubeless RBCC 25,2021.0,TLR,None,High,25.0,25.0,mm,299.0,299.0,44.0,61.0,72.0,20.1,17.5,15.7,14.8,64.0,64.0,64.0,48.0,21.0,10.2,6.6,9.0,6.2,3.0,1.35,2.8,False,,,,
road,vittoria-rubino-pro-g-2016,Vittoria,Rubino Pro G+ 1.0 25,2016.0,TT,Butyl,Med,25.0,25.6,mm,235.0,248.0,33.0,63.0,52.0,22.3,18.2,16.0,14.8,,,,57.0,15.0,12.0,5.8,,,3.0,0.55,3.0,True,,,,
road,mavic-yksion-elite-2018,Mavic,Yksion Elite 25,2018.0,TT,Butyl,High,25.0,26.1,mm,215.0,226.0,29.0,62.0,47.0,21.6,17.9,16.1,15.0,,,,44.0,12.0,9.2,4.6,,,3.0,0.65,2.0,False,,,,
road,tufo-comtura-duo,Tufo,Comtura Duo 28,2023.0,TT,Butyl,High,28.0,29.4,mm,250.0,249.0,35.0,76.0,46.0,21.9,18.4,16.3,15.1,79.0,82.0,77.0,86.0,19.0,21.8,6.6,16.2,8.0,2.5,0.6,4.5,False,,,,
road,vittoria-zaffiro-pro-g2-2020,Vittoria,Zaffiro Pro G+ 2.0 25,2020.0,TT,Butyl,Low,25.0,26.0,mm,280.0,282.0,32.0,66.0,48.0,21.6,18.2,16.3,15.2,66.0,64.0,67.0,56.0,9.0,9.8,3.0,11.2,3.2,3.3,0.85,2.0,False,,,,
road,vittoria-rubino-pro-g2,Vittoria,Rubino Pro G+ 2.0 25,2019.0,TT,Butyl,Med,25.0,25.8,mm,250.0,245.0,34.0,64.0,53.0,23.6,19.0,16.4,15.2,70.0,67.0,73.0,51.0,15.0,11.0,5.4,10.0,5.8,2.9,0.65,3.0,False,,,,
road,zipp-tangente-course-2017,Zipp,Tangente Course 25,2017.0,TT,Butyl,High,25.0,25.0,mm,0.0,215.0,,,,22.7,18.9,16.7,15.3,,,,55.0,14.0,12.0,5.4,,,2.7,0.65,3.0,False,,,,
road,michelin-krylion-2-2017,Michelin,Krylion 2 Endurance 25,2017.0,TT,Butyl,Med,25.0,27.3,mm,245.0,261.0,26.0,70.0,37.0,21.0,17.9,16.3,15.4,,,,71.0,20.0,14.8,7.0,,,3.0,0.85,4.0,False,,,,
road,michelin-pro-4-service-course-2014,Michelin,Pro 4 Service Course 25,2014.0,TT,Butyl,Med,25.0,27.9,mm,215.0,222.0,,,,21.2,18.4,16.6,15.4,,,,72.0,17.0,15.0,6.6,,,2.9,0.55,4.0,False,,,,
road,schwalbe-one-performance-2020,Schwalbe,One Performance Addix 25,2020.0,TT,Butyl,Med,25.0,26.4,mm,245.0,248.0,30.0,65.0,46.0,22.8,18.7,16.6,15.4,71.0,70.0,73.0,48.0,13.0,11.2,4.8,8.6,5.2,2.8,0.6,3.1,False,,,,
road,vittoria-corsa-control-2018,Vittoria,Corsa Control G+ 1.0 (open) 25,2018.0,TT,Butyl,High,25.0,27.0,mm,265.0,260.0,34.0,71.0,48.0,21.1,18.1,16.7,15.6,,,,57.0,15.0,12.6,5.2,,,2.6,0.85,4.0,True,,,,
road,vittoria-zaffiro-slick-2015,Vittoria,Zaffiro Slick 25,2015.0,TT,Butyl,Low,25.0,26.1,mm,370.0,398.0,,,,24.4,20.1,17.1,15.7,,,,58.0,14.0,10.8,4.8,,,3.6,0.85,2.0,True,,,,
road,schwalbe-one-tle-performance-2020,Schwalbe,One TLE Performance Addix 25,2020.0,TLR,None,Med,25.0,26.4,mm,275.0,306.0,29.0,68.0,43.0,21.2,18.4,16.8,15.8,72.0,72.0,73.0,49.0,15.0,10.2,5.2,9.4,4.8,3.0,1.0,3.2,False,,,,
road,michelin-lithion-2-2015,Michelin,Lithion 2 25,2015.0,TT,Butyl,Med,25.0,27.1,mm,250.0,268.0,,,,22.0,18.7,16.7,15.9,,,,61.0,12.0,12.8,4.8,,,3.0,0.55,3.0,False,,,,
road,pirelli-cinturato-velo-2018,Pirelli,Cinturato Velo TLR 26,2018.0,TLR,None,High,26.0,27.8,mm,290.0,306.0,28.0,66.0,42.0,23.5,19.9,17.5,16.0,69.0,67.0,72.0,103.0,23.0,20.0,7.2,16.2,8.2,3.7,0.95,5.0,False,,,,
road,schwalbe-pro-one-ht-tubular-2017,Schwalbe,Pro One HT (tubular) 25,2017.0,TU,Tubular,High+,25.0,25.1,mm,290.0,303.0,,,,21.6,19.1,17.4,16.1,,,,45.0,7.0,10.0,3.0,,,2.6,0.45,2.0,False,,,,
road,panaracer-race-a-evo-3-2018,Panaracer,Race A Evo 3 25,2018.0,TT,Butyl,High,25.0,26.6,mm,240.0,247.0,30.0,67.0,45.0,22.1,19.0,17.1,16.4,,,,75.0,26.0,16.4,9.2,,,2.7,0.8,4.0,False,,,,
road,schwalbe-durano-plus-2020,Schwalbe,Durano Plus Addix 25,2020.0,TT,Butyl,Med,25.0,26.2,mm,385.0,399.0,27.0,63.0,43.0,22.3,19.0,17.1,16.4,69.0,72.0,66.0,69.0,22.0,12.0,6.0,8.8,6.8,4.6,1.45,3.0,False,,,,
road,vittoria-rubino-pro-control-2016,Vittoria,Rubino Pro Control 25,2016.0,TT,Butyl,Med,25.0,25.7,mm,320.0,297.0,49.0,65.0,75.0,25.0,20.6,17.7,16.9,,,,60.0,19.0,12.0,6.2,,,3.3,1.05,3.0,True,,,,
road,clement-strada-lgg-2017,Clement,Strada LGG 25,2017.0,TT,Butyl,High,25.0,26.3,mm,0.0,225.0,24.0,62.0,39.0,23.2,20.0,17.9,16.9,,,,74.0,9.0,14.6,3.6,,,3.3,0.5,2.0,False,,,,
road,continental-grand-prix-4-season-2015,Continental,Grand Prix 4 Season 2015 25,2015.0,TT,Butyl,High,25.0,26.8,mm,240.0,215.0,,,,22.5,19.8,18.1,17.2,,,,80.0,21.0,17.4,7.6,,,2.7,0.7,4.0,True,,,,
road,michelin-dynamic-sport-2015,Michelin,Dynamic Sport 25,2015.0,TT,Butyl,Low,25.0,25.0,mm,305.0,304.0,,,,23.2,19.5,18.1,17.3,,,,42.0,12.0,8.4,4.4,,,3.2,0.7,2.0,False,,,,
road,panaracer-race-d-evo-3-2018,Panaracer,Race D Evo 3 25,2018.0,TT,Butyl,High,25.0,26.8,mm,250.0,249.0,29.0,65.0,45.0,23.9,20.7,18.6,17.4,,,,78.0,25.0,16.0,8.8,,,3.1,0.8,3.0,False,,,,
road,schwalbe-durano-2015,Schwalbe,Durano 25,2015.0,TT,Butyl,Med,25.0,26.0,mm,245.0,251.0,,,,24.7,21.0,18.8,18.0,,,,80.0,10.0,15.0,4.0,,,3.6,0.6,3.0,False,,,,
road,schwalbe-lugano-2-2020,Schwalbe,Lugano II 25,2020.0,TT,Butyl,Low,25.0,25.9,mm,280.0,265.0,30.0,64.0,47.0,24.2,21.1,19.2,18.0,69.0,66.0,72.0,52.0,16.0,11.0,5.2,8.4,3.6,3.4,0.8,2.0,False,,,,
road,vredestein-fortezza-senso-all-weather-2015,Vredestein,Fortezza Senso All Weather 25,2015.0,TT,Butyl,Med,25.0,26.2,mm,240.0,234.0,,,,24.6,21.8,19.7,18.0,,,,65.0,12.0,13.2,4.6,,,3.2,0.55,2.0,False,,,,
road,continental-gatorskin-2015,Continental,Gatorskin 25,2015.0,TT,Butyl,High,25.0,26.0,mm,240.0,255.0,,,,26.2,22.0,20.2,19.3,,,,89.0,19.0,18.0,7.2,,,3.2,0.7,3.0,False,,,,
road,continental-gator-hardshell,Continental,Gator Hardshell 25,2019.0,TT,Butyl,High,25.0,25.7,mm,270.0,273.0,26.0,65.0,40.0,27.4,23.1,20.5,19.5,66.0,63.0,68.0,100.0,26.0,20.0,8.0,15.0,9.0,3.7,1.0,4.0,False,,,,
road,schwalbe-durano-dd-2020,Schwalbe,Durano DD Addix 25,2020.0,TT,Butyl,Med,25.0,25.8,mm,295.0,302.0,27.0,63.0,43.0,27.3,23.5,21.0,19.5,70.0,68.0,72.0,59.0,18.0,12.0,6.2,9.0,5.8,3.6,1.0,2.0,False,,,,
road,schwalbe-durano-plus-2017,Schwalbe,Durano Plus 25,2017.0,TT,Butyl,Med,25.0,26.8,mm,380.0,400.0,27.0,62.0,44.0,26.4,22.9,20.7,19.7,,,,95.0,27.0,15.0,7.6,,,4.8,1.5,3.0,True,,,,
road,michelin-power-all-season-2016,Michelin,Power All Season 25,2016.0,TT,Butyl,High,25.0,25.6,mm,270.0,275.0,28.0,63.0,44.0,27.8,24.5,22.7,21.3,,,,70.0,17.0,14.0,6.0,,,3.3,0.85,2.0,False,,,,
road,schwalbe-lugano-2015,Schwalbe,Lugano 25,2015.0,TT,Butyl,Low,25.0,25.1,mm,280.0,275.0,,,,28.4,24.4,22.6,21.9,,,,74.0,12.0,14.8,4.4,,,3.5,0.65,1.0,True,,,,
road,maxxis-re-fuse-2019,Maxxis,Re-Fuse 25,2019.0,TT,Butyl,Med,25.0,25.3,mm,300.0,296.0,28.0,64.0,44.0,31.4,27.4,24.6,22.6,66.0,65.0,67.0,84.0,22.0,17.0,7.6,13.0,6.4,3.6,1.15,2.0,False,,,,
mtb,schwalbe-big-one-2016,Schwalbe,Big One LiteSkin PaceStar,2016.0,TLR,None,High,2.35,57.0,inch,440.0,458.0,,,,9.7,9.3,,,,,,20.0,10.0,6.6,4.2,,,1.1,0.5,5.0,True,11.3,10.1,0.5,0.5
mtb,schwalbe-thunder-burt-super-ground,Schwalbe,Thunder Burt Super Ground Addix Speed,2021.0,TLR,None,High,2.25,53.3,inch,615.0,680.0,,,,13.5,13.1,,,56.0,60.0,52.0,26.0,17.0,7.4,5.2,7.2,6.0,1.6,0.95,4.5,False,15.7,13.9,1.5,3.9
mtb,continental-race-king-protection-2020,Continental,Race King Protection,2020.0,TLR,None,High,2.2,52.9,inch,605.0,588.0,,,,14.0,13.9,,,59.0,55.0,62.0,29.0,26.0,7.0,7.6,8.2,9.4,1.8,1.0,5.0,True,15.7,14.5,2.5,3.0
mtb,schwalbe-thunder-burt-snakeskin-2015,Schwalbe,Thunder Burt TL-E PaceStar,2015.0,TLR,None,High,2.25,54.0,inch,575.0,573.0,,,,16.5,16.0,,,,,,29.0,19.0,8.6,6.6,,,1.4,0.85,5.0,True,17.8,16.5,1.4,3.8
mtb,schwalbe-rocket-ron-liteskin-addix-speed-2017,Schwalbe,Rocket Ron LiteSkin Addix Speed,2017.0,TLR,None,High,2.25,54.0,inch,520.0,556.0,,,,17.6,17.6,,,,,,22.0,12.0,6.0,5.0,,,1.6,0.5,5.0,False,18.1,17.8,2.4,4.2
mtb,continental-race-king-protection-e25,Continental,Race King Protection (E-25),2024.0,TLR,None,High,2.2,53.8,inch,605.0,586.0,,,,15.7,15.2,,,57.0,54.0,60.0,30.0,24.0,7.6,7.6,8.8,8.4,1.7,0.95,4.8,False,18.2,16.5,2.7,3.1
mtb,schwalbe-rocket-ron-liteskin-2015,Schwalbe,Rocket Ron LiteSkin PaceStar,2015.0,TLR,None,High,2.25,54.0,inch,520.0,540.0,,,,17.4,17.2,,,,,,31.0,14.0,8.4,5.6,,,1.7,0.45,5.0,True,18.2,17.5,2.5,4.4
mtb,continental-race-king-protection-2015,Continental,Race King Protection 2015,2015.0,TLR,None,High,2.2,55.0,inch,645.0,629.0,,,,16.9,16.6,,,,,,45.0,20.0,12.0,7.2,,,1.8,0.8,5.0,True,18.8,17.6,2.5,2.5
mtb,schwalbe-thunder-burt-super-race,Schwalbe,Thunder Burt Super Race Addix Speed,2024.0,TLR,None,High,2.1,50.2,inch,545.0,611.0,,,,15.2,14.2,,,61.0,68.0,55.0,27.0,20.0,6.8,5.8,7.8,7.2,1.7,1.0,4.3,False,19.0,16.3,1.4,3.6
mtb,schwalbe-racing-ralph-super-ground,Schwalbe,Racing Ralph Super Ground Addix Speed,2023.0,TLR,None,High,2.35,54.3,inch,730.0,758.0,,,,15.7,15.3,,,58.0,60.0,56.0,29.0,19.0,6.8,6.8,8.0,6.0,1.9,1.0,4.5,False,19.0,16.5,2.7,4.1
mtb,continental-speed-king-ii-racesport-2015,Continental,Speed King II RaceSport,2015.0,TT,Butyl,High,2.2,54.4,inch,465.0,467.0,,,,15.1,14.5,,,,,,29.0,11.0,7.8,4.4,,,1.7,0.45,5.0,False,19.1,16.6,0.5,1.5
mtb,schwalbe-racing-ralph-evolution-tlr-2014,Schwalbe,Racing Ralph TL-R PaceStar,2014.0,TLR,None,High,2.25,54.8,inch,535.0,534.0,,,,16.9,16.6,,,,,,,,7.0,5.0,,,,,5.0,True,19.4,17.7,2.5,4.3
mtb,schwalbe-racing-ralph-snakeskin-2015,Schwalbe,Racing Ralph TL-E PaceStar,2015.0,TLR,None,High,2.25,54.1,inch,605.0,602.0,,,,16.5,16.1,,,,,,,,7.4,6.0,,,,,5.0,True,19.5,17.3,2.5,4.0
mtb,vittoria-mezcal-tnt-2017,Vittoria,Mezcal TNT G+ 1.0,2017.0,TLR,None,High,2.25,54.2,inch,690.0,712.0,,,,17.3,16.9,,,,,,37.0,15.0,9.4,5.6,,,1.9,0.75,5.0,True,20.1,18.1,2.6,3.8
mtb,schwalbe-racing-ray-super-ground,Schwalbe,Racing Ray Super Ground Addix SpeedGrip,2024.0,TLR,None,High,2.25,54.5,inch,655.0,685.0,,,,17.4,17.3,,,68.0,73.0,64.0,27.0,21.0,7.0,6.6,7.4,6.8,1.7,1.1,4.8,False,20.4,18.2,2.5,4.4
mtb,schwalbe-nobby-nic-snakeskin-2015,Schwalbe,Nobby Nic TL-E PaceStar,2015.0,TLR,None,High,2.25,53.9,inch,710.0,731.0,,,,18.2,17.8,,,,,,28.0,21.0,7.4,7.2,,,1.8,0.85,5.0,True,20.5,18.9,3.6,4.7
mtb,schwalbe-racing-ralph-liteskin-addix-speed-2017,Schwalbe,Racing Ralph LiteSkin Addix Speed,2017.0,TLR,None,High,2.25,54.0,inch,560.0,587.0,,,,18.9,18.7,,,,,,21.0,12.0,6.0,5.0,,,1.5,0.5,4.0,False,20.5,19.5,2.5,4.2
mtb,schwalbe-racing-ralph-super-race,Schwalbe,Racing Ralph Super Race Addix Speed,2021.0,TLR,None,High,2.25,51.6,inch,640.0,659.0,,,,19.6,19.2,,,61.0,63.0,59.0,28.0,20.0,6.6,6.8,6.8,6.8,2.2,0.95,4.0,False,21.5,20.1,2.4,3.9
mtb,schwalbe-racing-ralph-tle-addix-speed-2017,Schwalbe,Racing Ralph TL-E Addix Speed,2017.0,TLR,None,High,2.25,54.0,inch,630.0,711.0,,,,19.9,19.6,,,,,,23.0,15.0,6.0,5.0,,,1.8,1.05,4.0,True,22.0,20.5,2.5,4.3
mtb,schwalbe-rocket-ron-tle-addix-speed-2017,Schwalbe,Rocket Ron TL-E Addix Speed,2017.0,TLR,None,High,2.25,53.7,inch,610.0,674.0,,,,20.5,20.5,,,,,,22.0,19.0,6.4,6.0,,,1.4,1.1,4.0,False,22.2,20.8,2.5,4.5
mtb,continental-race-king-racesport-2014,Continental,Race King RaceSport,2014.0,TT,Butyl,High,2.2,55.2,inch,540.0,497.0,,,,18.7,18.0,,,,,,29.0,12.0,7.8,4.8,,,1.7,0.45,5.0,False,22.4,20.0,2.5,2.5
mtb,schwalbe-racing-ralph-tle-addix-speed-2019,Schwalbe,Racing Ralph 2019 TLE Addix Speed,2019.0,TLR,None,High,2.25,53.2,inch,625.0,609.0,,,,19.9,19.2,,,,,,20.0,16.0,5.6,5.0,5.8,5.6,1.5,0.95,4.0,False,22.5,20.2,2.3,4.0
mtb,schwalbe-hans-dampf-pacestar-2017,Schwalbe,Hans Dampf PaceStar,2017.0,TLR,None,High,2.35,56.0,inch,850.0,815.0,,,,19.6,19.4,,,,,,29.0,17.0,7.6,6.0,,,1.9,0.8,5.0,True,22.6,20.2,3.8,5.8
mtb,schwalbe-rocket-ron-tle-addix-speedgrip-2017,Schwalbe,Rocket Ron TL-E Addix SpeedGrip,2017.0,TLR,None,High,2.25,53.3,inch,610.0,606.0,,,,20.6,20.1,,,,,,20.0,18.0,6.0,6.0,,,1.3,1.0,4.0,False,22.7,21.2,2.4,4.3
mtb,tufo-xc11-tr-2024,Tufo,XC11 TR (new 2024),2024.0,TLR,None,High,2.25,58.0,inch,650.0,673.0,,,,20.0,19.4,,,65.0,68.0,63.0,40.0,32.0,10.0,10.4,9.4,12.8,2.1,0.8,4.4,False,23.4,21.2,2.4,3.5
mtb,vittoria-mezcal-tnt-g2-2019,Vittoria,Mezcal TNT G+ 2.0,2019.0,TLR,None,High,2.25,54.8,inch,725.0,718.0,,,,19.4,18.7,,,66.0,65.0,68.0,39.0,19.0,9.6,6.8,9.4,6.0,2.1,0.9,4.3,False,23.5,20.6,2.5,4.0
mtb,specialized-fast-trak-2016,Specialized,S-Works Fast Trak 2BR,2016.0,TLR,None,High,2.2,53.0,inch,570.0,588.0,,,,20.6,20.4,,,,,,25.0,14.0,6.8,5.4,,,1.7,0.5,3.0,True,23.5,21.4,2.5,3.1
mtb,schwalbe-racing-ray-tle-addix-speedgrip,Schwalbe,Racing Ray TLE Addix SpeedGrip,2019.0,TLR,None,High,2.25,53.0,inch,625.0,615.0,,,,20.2,19.6,,,,,,22.0,17.0,6.0,5.6,6.0,5.8,1.6,1.0,4.0,True,23.8,21.5,2.6,4.3
mtb,schwalbe-wicked-will-super-race,Schwalbe,Wicked Will Super Race Addix SpeedGrip,2024.0,TLR,None,High,2.4,55.8,inch,820.0,827.0,,,,20.9,20.3,,,71.0,72.0,69.0,32.0,19.0,7.4,6.8,7.6,5.8,2.2,0.95,4.8,False,24.2,22.1,2.8,4.9
mtb,schwalbe-racing-ralph-tle-addix-speedgrip-2017,Schwalbe,Racing Ralph TL-E Addix SpeedGrip,2017.0,TLR,None,High,2.25,53.2,inch,630.0,609.0,,,,21.7,21.5,,,,,,22.0,15.0,6.0,5.0,,,1.7,0.9,4.0,False,24.2,22.3,2.5,4.3
mtb,vittoria-mezcal-xc-race-tlr,Vittoria,Mezcal XC Race TLR G+ 2.0,2023.0,TLR,None,High,2.25,56.4,inch,690.0,689.0,,,,20.0,19.1,,,67.0,65.0,68.0,40.0,12.0,9.6,4.4,7.4,4.8,2.7,0.65,4.0,False,24.4,21.8,2.5,4.0
mtb,continental-cross-king-protection-2020,Continental,Cross King Protection 29x2.2,2020.0,TLR,None,High,2.2,52.3,inch,640.0,615.0,,,,21.1,20.4,,,66.0,63.0,69.0,32.0,25.0,7.6,7.6,8.8,9.0,1.9,1.0,3.3,False,24.5,22.0,2.5,3.7
mtb,kenda-rush-pro,Kenda,Rush Pro SCT TLR,2024.0,TLR,None,High,2.4,57.4,inch,696.0,687.0,,,,19.7,19.1,,,62.0,62.0,63.0,30.0,13.0,8.0,5.2,7.6,3.6,1.8,0.95,3.7,False,24.7,21.2,1.8,2.4
mtb,continental-race-king-performance-shieldwall,Continental,Race King Performance ShieldWall,2023.0,TLR,None,Med,2.2,54.5,inch,750.0,720.0,,,,21.7,21.5,,,68.0,67.0,70.0,32.0,20.0,8.4,7.0,6.6,5.6,2.2,1.1,4.0,False,24.9,22.5,2.3,3.2
mtb,vittoria-barzo-tnt-g2-2019,Vittoria,Barzo TNT G+ 2.0,2019.0,TLR,None,High,2.25,54.1,inch,680.0,717.0,,,,21.7,21.1,,,61.0,59.0,64.0,37.0,19.0,9.0,6.6,8.4,6.8,2.3,0.9,4.0,False,25.5,23.0,2.9,4.0
mtb,continental-x-king-racesport-2015,Continental,X-King RaceSport,2015.0,TT,Butyl,High,2.2,53.0,inch,555.0,564.0,,,,20.9,20.1,,,,,,40.0,17.0,10.4,6.6,,,1.8,0.55,4.0,True,25.9,22.8,2.5,4.0
mtb,specialized-s-works-renegade-t5-t7,Specialized,S-Works Renegade 2BR T5/T7,2024.0,TLR,None,High,2.35,56.8,inch,590.0,610.0,,,,21.9,21.3,,,71.0,74.0,68.0,26.0,11.0,7.0,4.0,6.0,4.4,2.0,0.6,3.3,False,25.9,23.1,2.0,2.9
mtb,specialized-s-works-fast-trak-t5-t7,Specialized,S-Works Fast Trak 2BR T5/T7,2022.0,TLR,None,High,2.35,56.8,inch,615.0,628.0,,,,23.5,23.2,,,64.0,66.0,62.0,24.0,10.0,6.0,3.6,6.4,3.8,1.8,0.55,3.0,False,26.0,24.1,2.5,3.3
mtb,maxxis-aspen-exo-tr,Maxxis,Aspen EXO TR,2019.0,TLR,None,High,2.25,54.8,inch,645.0,659.0,,,,21.5,20.2,,,53.0,52.0,53.0,29.0,15.0,6.4,5.2,8.2,5.4,2.0,0.85,3.0,False,26.1,22.7,2.1,3.3
mtb,irc-mythos-xc-2017,IRC,Mythos XC,2017.0,TLR,None,High,2.25,52.0,inch,710.0,701.0,,,,21.6,20.7,,,,,,25.0,15.0,6.2,5.6,,,2.2,0.65,3.0,False,26.3,23.1,2.2,4.0
mtb,continental-race-king-performance-2015,Continental,Race King Performance,2015.0,TT,Butyl,Med,2.2,54.0,inch,660.0,669.0,,,,22.8,22.3,,,,,,50.0,7.0,11.6,3.0,,,2.5,0.45,4.0,False,26.3,24.2,2.5,2.5
mtb,maxxis-rekon-race-exo-tr,Maxxis,Rekon Race EXO TR,2019.0,TLR,None,High,2.25,55.0,inch,670.0,680.0,,,,20.9,19.6,,,60.0,64.0,55.0,25.0,18.0,6.4,6.6,7.8,5.8,1.5,0.85,3.0,False,26.6,23.0,1.9,3.5
mtb,maxxis-rekon-race-maxxspeed-exo-tr,Maxxis,Rekon Race MaxxSpeed EXO/TR,2024.0,TLR,None,High,2.4,58.0,inch,825.0,814.0,,,,22.4,21.8,,,69.0,74.0,64.0,34.0,17.0,8.2,6.6,8.2,5.2,2.1,0.9,4.0,False,26.8,23.6,2.2,3.8
mtb,specialized-ground-control-2016,Specialized,S-Works Ground Control 2BR,2016.0,TLR,None,High,2.3,53.0,inch,650.0,686.0,,,,22.7,22.2,,,,,,26.0,15.0,6.8,5.8,,,1.8,0.5,3.0,False,26.8,23.7,3.2,4.5
mtb,maxxis-ikon-3c-maxxspeed-tlr-2014,Maxxis,Ikon 3C MaxxSpeed TLR,2014.0,TLR,None,High,2.2,52.9,inch,590.0,581.0,,,,22.6,21.7,,,,,,22.0,,6.0,,,,1.7,0.45,2.0,False,27.0,24.1,2.3,3.8
mtb,continental-race-king-sport-2015,Continental,Race King Sport,2015.0,TT,Butyl,Low,2.2,54.3,inch,750.0,712.0,,,,23.0,22.4,,,,,,27.0,12.0,6.8,4.6,,,2.2,0.7,4.0,False,27.0,24.5,2.5,2.5
mtb,schwalbe-racing-ralph-performance-2012,Schwalbe,Racing Ralph Performance,2012.0,TT,Butyl,Med,2.25,53.8,inch,548.0,548.0,,,,20.9,19.3,,,,,,,,10.8,,,,,,4.0,True,27.9,23.7,1.3,4.2
mtb,continental-cross-king-protection-29x23,Continental,Cross King Protection 29x2.3,2021.0,TLR,None,High,2.3,55.2,inch,755.0,745.0,,,,25.2,24.4,,,64.0,62.0,66.0,37.0,25.0,8.4,8.4,9.6,8.0,2.2,1.0,3.2,False,28.4,26.3,3.2,5.1
mtb,maxxis-aspen-maxxspeed-exo-tr,Maxxis,Aspen MaxxSpeed EXO/TR,2023.0,TLR,None,High,2.4,59.2,inch,770.0,778.0,,,,22.7,21.2,,,58.0,56.0,59.0,38.0,17.0,9.2,5.4,8.4,5.8,2.3,0.95,3.5,False,28.5,24.4,2.2,3.5
mtb,michelin-jet-xcr-2020,Michelin,Jet XCR,2020.0,TLR,None,High,2.25,56.2,inch,600.0,627.0,,,,23.8,22.6,,,59.0,60.0,55.0,32.0,24.0,8.0,7.8,9.0,8.4,1.8,0.95,2.0,False,28.7,26.1,1.8,4.0
mtb,pirelli-scorpion-xc-rc-lite,Pirelli,Scorpion XC RC Lite Team Edition,2023.0,TLR,None,High,2.4,57.0,inch,650.0,625.0,,,,23.5,22.9,,,68.0,72.0,64.0,30.0,11.0,7.6,3.6,7.4,4.8,2.0,0.55,3.5,False,28.8,25.4,2.0,4.0
mtb,maxxis-ardent-race-exo-2016,Maxxis,Ardent Race 3C EXO TR,2016.0,TLR,None,High,2.2,52.2,inch,720.0,759.0,,,,24.4,23.4,,,,,,27.0,15.0,7.6,5.6,,,1.5,0.7,3.0,False,30.6,26.4,2.9,4.2
mtb,michelin-force-xc-2017,Michelin,Force XC,2017.0,TLR,None,High,2.25,55.0,inch,670.0,660.0,,,,27.8,27.1,,,,,,43.0,18.0,10.6,6.2,,,2.2,0.9,3.0,False,30.8,28.7,2.3,5.0
mtb,schwalbe-nobby-nic-performance-2012,Schwalbe,Nobby Nic Performance,2012.0,TT,Butyl,Med,2.25,53.5,inch,600.0,605.0,,,,25.2,24.2,,,,,,,,12.8,,,,,,4.0,True,30.8,27.2,3.2,5.0
mtb,vittoria-mezcal-2017,Vittoria,Mezcal,2017.0,TT,Butyl,High,2.25,54.0,inch,690.0,681.0,,,,26.7,25.7,,,,,,40.0,14.0,9.4,5.2,,,2.4,0.6,3.0,True,30.9,28.4,2.9,4.3
mtb,continental-mountain-king-ii-racesport-2015,Continental,Mountain King II RaceSport,2015.0,TT,Butyl,High,2.2,52.3,inch,635.0,594.0,,,,28.9,28.8,,,,,,34.0,17.0,9.0,6.8,,,1.8,0.55,4.0,False,31.5,29.6,4.1,4.7
mtb,michelin-force-am-2017,Michelin,Force AM,2017.0,TLR,None,High,2.25,54.2,inch,760.0,781.0,,,,28.9,28.3,,,,,,40.0,22.0,10.0,7.4,,,2.1,0.95,4.0,False,32.9,30.1,2.9,6.0
mtb,kenda-small-block-eight-2015,Kenda,Small Block Eight,2015.0,TT,Butyl,High,2.1,50.3,inch,580.0,589.0,,,,27.0,25.5,,,,,,23.0,15.0,6.8,5.8,,,1.4,0.5,2.0,False,35.6,30.2,2.5,4.0
mtb,maxxis-ikon-exception-silkworm-2014,Maxxis,Ikon eXCeption Silkworm,2014.0,TT,Butyl,High,2.2,52.2,inch,560.0,583.0,,,,31.4,30.9,,,,,,,,7.2,4.4,,,,,1.0,False,38.2,33.5,2.5,3.8
mtb,tufo-xc11-tr,Tufo,XC11 TR (old 2018),2018.0,TLR,None,High,2.25,57.4,inch,700.0,748.0,,,,31.3,29.8,,,63.0,65.0,62.0,57.0,28.0,14.0,10.4,11.4,8.4,2.5,0.95,3.0,True,38.6,34.1,2.5,3.6
mtb,schwalbe-hans-dampf-trailstar-2017,Schwalbe,Hans Dampf TrailStar,2017.0,TLR,None,High,2.35,56.0,inch,850.0,840.0,,,,33.3,32.4,,,,,,33.0,15.0,8.4,5.2,,,1.9,0.85,2.0,True,40.0,35.0,3.8,6.0
mtb,vittoria-aka-2015,Vittoria,AKA,2015.0,TT,Butyl,High,2.2,52.4,inch,690.0,685.0,,,,36.3,35.6,,,,,,53.0,18.0,12.4,7.2,,,2.4,0.55,1.0,False,40.7,38.0,2.5,3.5
cx_gravel,continental-grand-prix-5000-s-tr-32,Continental,Grand Prix 5000 S TR 32,2021.0,TLR,None,High+,32.0,30.3,mm,320.0,310.0,,,,11.1,10.0,,,72.0,73.0,70.0,38.0,17.0,8.0,5.0,10.0,6.4,2.2,0.9,5.0,False,16.4,12.8,0.0,0.0
cx_gravel,rene-herse-snoqualmie-pass-extra-light,Rene Herse,Snoqualmie Pass TC Extralight 44,2022.0,TLR,None,High+,44.0,40.4,mm,330.0,327.0,,,,12.5,11.6,,,62.0,62.0,61.0,33.0,9.0,8.2,4.0,7.0,3.2,2.3,0.4,4.3,False,16.3,13.5,0.1,0.2
cx_gravel,challenge-strada-bianca-pro-htlr-40,Challenge,Strada Bianca Pro HTLR 40,2022.0,TLR,None,High+,40.0,37.9,mm,450.0,435.0,,,,13.1,12.1,,,57.0,57.0,57.0,53.0,21.0,13.0,6.6,10.6,6.8,2.5,1.15,4.5,False,17.7,14.8,0.2,0.2
cx_gravel,ultradynamico-cava-race-33,Ultradynamico,Cava Race 33,2023.0,TLR,None,High+,33.0,31.9,mm,265.0,267.0,,,,13.2,12.3,,,65.0,69.0,61.0,43.0,10.0,10.0,4.0,9.6,4.6,2.4,0.4,4.3,False,17.7,14.9,0.2,0.2
cx_gravel,schwalbe-pro-one-tle-34,Schwalbe,Pro One TLE Addix 34,2022.0,TLR,None,High,34.0,31.0,mm,360.0,359.0,,,,13.8,12.7,,,66.0,57.0,75.0,37.0,19.0,8.4,5.8,7.2,7.0,2.7,1.0,4.0,False,18.9,15.5,0.0,0.0
cx_gravel,continental-grand-prix-5000-as-tr-35,Continental,Grand Prix 5000 All Season TR 35,2023.0,TLR,None,High+,35.0,32.9,mm,425.0,417.0,,,,13.6,12.5,,,88.0,88.0,88.0,54.0,24.0,10.8,8.0,10.0,6.6,3.2,1.35,5.0,False,19.3,15.6,0.0,0.0
cx_gravel,schwalbe-g-one-rs-35,Schwalbe,G-One RS Super Race 35,2023.0,TLR,None,High,35.0,35.2,mm,410.0,428.0,,,,13.8,12.5,,,61.0,62.0,61.0,32.0,20.0,8.0,7.6,6.6,5.8,2.4,1.0,4.6,False,19.0,15.7,0.4,1.9
cx_gravel,challenge-strada-bianca-pro-htlr,Challenge,Strada Bianca Pro HTLR 36,2021.0,TLR,None,High+,36.0,35.0,mm,375.0,393.0,,,,13.7,12.9,,,58.0,57.0,60.0,45.0,18.0,11.0,5.6,8.4,5.6,2.6,1.15,5.0,False,19.2,15.7,0.2,0.2
cx_gravel,pirelli-p-zero-race-tlr-32,Pirelli,P Zero Race TLR SpeedCore 32,2024.0,TLR,None,High+,32.0,31.3,mm,370.0,367.0,,,,13.9,12.9,,,80.0,82.0,79.0,62.0,20.0,13.0,6.8,11.0,6.4,3.2,1.0,5.0,False,17.9,15.8,0.0,0.0
cx_gravel,schwalbe-pro-one-tle-32,Schwalbe,Pro One TLE Addix 32,2023.0,TLR,None,High,32.0,30.4,mm,325.0,328.0,,,,13.8,12.6,,,70.0,64.0,76.0,47.0,18.0,11.4,6.8,8.4,5.4,2.7,0.95,4.2,False,19.6,15.8,0.0,0.0
cx_gravel,continental-grand-prix-5000-tl-32,Continental,Grand Prix 5000 TL 32,2021.0,TLR,None,High,32.0,29.9,mm,370.0,370.0,,,,13.5,11.9,,,71.0,71.0,70.0,53.0,17.0,10.6,5.6,10.0,5.6,3.1,0.95,5.0,False,19.8,16.0,0.0,0.0
cx_gravel,schwalbe-g-one-rs,Schwalbe,G-One RS Super Race 40,2022.0,TLR,None,High,40.0,37.0,mm,445.0,473.0,,,,14.5,12.8,,,61.0,59.0,63.0,33.0,18.0,8.8,6.6,7.2,5.6,2.1,1.0,4.5,False,19.7,16.2,0.4,2.4
cx_gravel,continental-grand-prix-5000-as-tr-32,Continental,Grand Prix 5000 All Season TR 32,2023.0,TLR,None,High+,32.0,30.3,mm,385.0,384.0,,,,14.2,13.2,,,81.0,81.0,82.0,57.0,24.0,10.4,7.0,10.8,7.4,3.4,1.4,4.8,False,19.5,16.3,0.0,0.0
cx_gravel,continental-terra-speed-45,Continental,Terra Speed TR (tanwall)  45,2023.0,TLR,None,High,45.0,43.1,mm,490.0,537.0,,,,15.4,14.7,,,63.0,67.0,59.0,37.0,15.0,9.0,5.0,8.0,5.0,2.4,1.05,5.0,False,18.9,16.4,1.1,1.2
cx_gravel,panaracer-gravelking-35,Panaracer,GravelKing TLC 35,2022.0,TLR,None,High,35.0,34.7,mm,310.0,315.0,,,,15.1,14.2,,,61.0,61.0,61.0,32.0,20.0,8.0,7.0,8.8,7.8,1.8,0.7,4.1,False,19.8,16.6,0.1,0.2
cx_gravel,vittoria-corsa-next-tlr-32,Vittoria,Corsa N.EXT TLR 32,2023.0,TLR,None,High,32.0,30.5,mm,356.0,316.0,,,,14.8,13.6,,,77.0,77.0,76.0,48.0,14.0,10.0,5.0,9.0,4.2,3.0,1.0,4.5,False,19.8,16.7,0.0,0.0
cx_gravel,panaracer-gravel-king,Panaracer,GravelKing TLC 40,2020.0,TLR,None,High,40.0,36.5,mm,340.0,337.0,,,,15.4,14.5,,,62.0,62.0,62.0,28.0,18.0,7.0,7.6,7.8,6.0,1.8,0.7,4.0,False,19.9,17.0,0.2,0.2
cx_gravel,continental-terra-speed,Continental,Terra Speed TR 35,2020.0,TLR,None,High,35.0,33.2,mm,360.0,378.0,,,,15.1,14.2,,,58.0,59.0,57.0,32.0,25.0,8.2,8.0,8.0,9.0,1.9,0.9,5.0,False,20.3,17.0,1.1,1.2
cx_gravel,vittoria-corsa-next-tlr-34,Vittoria,Corsa N.EXT TLR 34,2023.0,TLR,None,High,34.0,32.7,mm,395.0,348.0,,,,15.0,14.0,,,77.0,75.0,80.0,53.0,15.0,11.0,5.4,9.8,4.6,3.1,1.0,4.5,False,20.6,17.2,0.0,0.0
cx_gravel,challenge-getaway-pro-htlr,Challenge,Getaway Pro HTLR 40,2022.0,TLR,None,High+,40.0,38.2,mm,460.0,457.0,,,,15.6,15.3,,,59.0,61.0,57.0,52.0,16.0,12.8,5.2,11.8,5.2,2.2,1.0,5.0,False,19.7,17.4,1.3,1.5
cx_gravel,rene-herse-snoqualmie-pass,Rene Herse,Snoqualmie Pass TC 44,2022.0,TLR,None,High+,44.0,39.6,mm,375.0,364.0,,,,15.3,14.5,,,60.0,60.0,59.0,34.0,7.0,8.0,3.2,7.2,2.6,2.5,0.55,4.0,False,19.9,17.4,0.1,0.2
cx_gravel,tufo-gravel-thundero,Tufo,Gravel Thundero 40,2022.0,TLR,None,High,40.0,37.6,mm,430.0,460.0,,,,15.9,15.2,,,72.0,71.0,72.0,33.0,28.0,8.8,9.8,8.6,9.8,1.8,0.9,5.0,False,20.0,17.4,1.5,2.1
cx_gravel,tufo-gravel-speedero,Tufo,Gravel Speedero 40,2022.0,TLR,None,High,40.0,37.3,mm,430.0,445.0,,,,15.9,15.3,,,78.0,81.0,75.0,33.0,30.0,8.2,9.4,9.6,12.2,1.7,0.8,5.0,False,20.0,17.5,1.3,1.3
cx_gravel,schwalbe-g-one-rs-45,Schwalbe,G-One RS Super Race 45,2023.0,TLR,None,High,45.0,42.4,mm,505.0,522.0,,,,15.8,14.3,,,60.0,58.0,62.0,33.0,19.0,8.4,5.8,6.2,6.8,2.5,0.95,4.4,False,21.0,17.6,0.4,2.6
cx_gravel,continental-terra-speed-40,Continental,Terra Speed TR 40,2021.0,TLR,None,High,40.0,37.6,mm,465.0,461.0,,,,16.0,15.6,,,58.0,59.0,56.0,42.0,26.0,9.8,8.0,9.8,9.0,2.3,1.0,5.0,True,20.6,17.8,1.2,1.2
cx_gravel,tufo-gravel-thundero-44,Tufo,Gravel Thundero 44,2023.0,TLR,None,High,44.0,42.7,mm,450.0,476.0,,,,16.3,15.1,,,76.0,77.0,75.0,32.0,32.0,8.4,11.4,9.6,12.0,1.6,0.75,5.0,False,21.2,18.1,1.5,2.1
cx_gravel,tufo-gravel-speedero-36,Tufo,Gravel Speedero 36,2024.0,TLR,None,High,36.0,34.7,mm,390.0,386.0,,,,16.6,15.7,,,77.0,78.0,76.0,34.0,33.0,9.2,12.2,8.6,12.6,1.8,0.7,5.0,False,21.5,18.2,1.2,1.3
cx_gravel,tufo-gravel-thundero-48,Tufo,Gravel Thundero 48,2024.0,TLR,None,High,48.0,45.6,mm,470.0,525.0,,,,17.3,16.3,,,76.0,75.0,77.0,39.0,34.0,10.4,12.6,10.0,11.4,1.8,0.8,5.0,False,21.1,18.5,1.4,2.4
cx_gravel,continental-terra-hardpack,Continental,Terra Hardpack TR 50,2023.0,TLR,None,Med,50.0,48.0,mm,530.0,561.0,,,,16.4,15.3,,,77.0,85.0,68.0,40.0,15.0,9.8,5.4,8.0,5.0,2.5,0.95,4.5,False,21.9,18.6,0.5,3.4
cx_gravel,ultradynamico-cava-race-42,Ultradynamico,Cava Race  42,2023.0,TLR,None,High+,42.0,40.4,mm,445.0,434.0,,,,16.7,15.8,,,68.0,71.0,66.0,46.0,13.0,10.6,5.4,9.4,5.4,2.6,0.4,4.0,False,22.0,18.9,0.2,1.5
cx_gravel,panaracer-gravelking-32,Panaracer,GravelKing TLC 32,2022.0,TLR,None,High,32.0,30.6,mm,290.0,283.0,,,,17.5,16.3,,,59.0,60.0,58.0,51.0,19.0,12.8,7.0,10.8,7.2,2.3,0.7,4.0,False,22.4,19.0,0.1,0.2
cx_gravel,tufo-gravel-thundero-hd,Tufo,Gravel Thundero HD 40,2023.0,TLR,None,High,40.0,38.0,mm,460.0,461.0,,,,17.5,16.6,,,73.0,73.0,72.0,40.0,32.0,10.6,11.2,11.0,11.4,1.7,0.8,5.0,False,22.3,19.2,1.4,2.2
cx_gravel,panaracer-gravel-king-ss,Panaracer,GravelKing SS TLC 40,2021.0,TLR,None,High,40.0,35.9,mm,410.0,405.0,,,,17.6,16.6,,,64.0,62.0,65.0,45.0,20.0,10.4,6.8,8.4,7.8,2.8,0.7,4.3,False,22.5,19.2,0.2,1.7
cx_gravel,pirelli-gravel-h,Pirelli,Cinturato Gravel H 40,2021.0,TLR,None,High,40.0,38.4,mm,480.0,509.0,,,,17.1,15.3,,,75.0,77.0,73.0,39.0,17.0,9.0,5.2,8.6,5.8,2.4,1.1,4.0,False,23.2,19.5,0.5,1.8
cx_gravel,rene-herse-snoqualmie-pass-endurance,Rene Herse,Snoqualmie Pass TC Endurance 44,2022.0,TLR,None,High+,44.0,40.4,mm,425.0,418.0,,,,17.4,16.2,,,58.0,59.0,56.0,41.0,19.0,10.4,6.4,8.0,7.8,2.5,0.7,4.0,False,23.6,19.6,0.1,0.2
cx_gravel,continental-terra-speed-e25,Continental,Terra Speed TR E-25 40,2024.0,TLR,None,High,40.0,38.1,mm,465.0,473.0,,,,18.2,17.6,,,65.0,64.0,66.0,46.0,22.0,11.0,6.6,9.0,7.6,2.6,1.1,4.5,False,22.4,19.6,1.1,1.3
cx_gravel,specialized-roubaix-pro,Specialized,Roubaix Pro 2Bliss Ready 32,2021.0,TLR,None,High,32.0,31.9,mm,375.0,366.0,,,,17.5,16.5,,,82.0,86.0,79.0,56.0,19.0,12.2,6.8,10.2,7.0,3.0,0.7,4.5,False,22.8,19.7,0.0,0.2
cx_gravel,rene-herse-orondo-grade-extra-light,Rene Herse,Orondo Grade Extralight 31,2024.0,TLR,None,High+,31.0,30.9,mm,325.0,341.0,,,,18.3,17.0,,,65.0,66.0,65.0,49.0,16.0,10.4,6.0,10.2,6.4,2.8,0.65,3.8,False,23.2,20.0,0.1,0.2
cx_gravel,schwalbe-g-one-overland,Schwalbe,G-One Overland Super Ground SpeedGrip 50,2023.0,TLR,None,High,50.0,46.1,mm,625.0,663.0,,,,18.3,17.0,,,79.0,85.0,72.0,29.0,21.0,7.0,7.0,7.4,6.8,2.0,1.0,5.0,False,23.5,20.0,1.5,2.7
cx_gravel,tufo-gravel-swampero,Tufo,Gravel Swampero 40,2022.0,TLR,None,High,40.0,37.4,mm,430.0,433.0,,,,18.7,18.4,,,64.0,66.0,63.0,31.0,29.0,8.0,9.4,8.2,11.0,1.8,0.8,5.0,False,22.4,20.1,2.1,2.7
cx_gravel,specialized-pathfinder-s-works,Specialized,S-Works Pathfinder 2Bliss Ready 42,2022.0,TLR,None,High+,42.0,41.4,mm,435.0,438.0,,,,18.2,17.0,,,78.0,82.0,73.0,47.0,19.0,11.6,7.0,10.2,6.8,2.3,0.8,5.0,False,24.0,20.2,0.0,1.2
cx_gravel,specialized-s-works-mondo-2br,Specialized,S-Works Mondo 2Bliss Ready T2/T5 35,2023.0,TLR,None,High+,35.0,33.2,mm,360.0,381.0,,,,17.6,16.3,,,78.0,84.0,72.0,61.0,16.0,13.0,6.2,11.8,4.6,2.9,0.9,4.5,False,24.5,20.2,0.0,0.5
cx_gravel,michelin-power-gravel,Michelin,Power Gravel 35,2020.0,TLR,None,High,35.0,34.2,mm,380.0,412.0,,,,18.8,17.4,,,59.0,58.0,60.0,42.0,23.0,10.2,8.2,9.2,7.2,2.3,0.95,4.5,False,23.1,20.3,1.2,2.6
cx_gravel,specialized-pathfinder-pro,Specialized,Pathfinder Pro 2Bliss Ready 42,2021.0,TLR,None,High,42.0,40.3,mm,540.0,573.0,,,,18.2,16.9,,,78.0,83.0,73.0,48.0,17.0,12.2,5.8,10.0,6.0,2.3,0.9,4.0,False,23.2,20.3,0.0,2.4
cx_gravel,rene-herse-barlow-pass,Rene Herse,Barlow Pass TC 38,2021.0,TLR,None,High+,38.0,37.6,mm,385.0,379.0,,,,18.5,17.2,,,63.0,65.0,61.0,31.0,7.0,7.0,2.8,6.0,2.4,2.7,0.55,3.5,False,23.6,20.4,0.2,0.1
cx_gravel,challenge-gravine-pro-htlr,Challenge,Gravine Pro HTLR 40,2024.0,TLR,None,High+,40.0,38.0,mm,485.0,475.0,,,,19.9,19.4,,,56.0,55.0,57.0,50.0,16.0,12.0,5.2,11.8,4.6,2.2,1.3,3.5,False,22.8,20.7,2.0,2.0
cx_gravel,panaracer-gravel-king-sk,Panaracer,GravelKing SK TLC 40,2020.0,TLR,None,High,40.0,36.8,mm,420.0,404.0,,,,19.5,18.9,,,64.0,61.0,68.0,28.0,22.0,7.4,7.8,7.6,8.4,1.7,0.7,4.0,False,23.3,20.9,1.7,1.7
cx_gravel,pirelli-gravel-h-50,Pirelli,Cinturato Gravel H Classic 50,2024.0,TLR,None,High,50.0,50.2,mm,670.0,657.0,,,,18.8,17.5,,,83.0,87.0,79.0,31.0,15.0,7.8,6.0,7.6,4.0,2.0,0.95,4.0,False,24.7,21.0,1.0,2.1
cx_gravel,challenge-strada-bianca-race-tlr,Challenge,Strada Bianca Race TLR 36,2022.0,TLR,None,High,36.0,34.9,mm,0.0,395.0,,,,19.0,17.9,,,71.0,70.0,72.0,37.0,10.0,8.8,3.8,6.0,3.4,3.0,0.75,3.5,False,25.2,21.2,0.2,0.2
cx_gravel,challenge-getaway-xp-pro,Challenge,Getaway XP Pro HTLR 40,2023.0,TLR,None,High+,40.0,38.9,mm,540.0,538.0,,,,19.2,17.9,,,59.0,61.0,58.0,47.0,23.0,11.6,6.6,9.4,6.8,2.5,1.45,3.8,False,24.4,21.3,1.3,1.3
cx_gravel,pirelli-cinturato-cross-hard-terrain,Pirelli,Cinturato Cross H 33,2020.0,TLR,None,High,33.0,30.6,mm,380.0,398.0,,,,19.4,18.7,,,65.0,67.0,62.0,34.0,18.0,8.4,5.6,8.4,5.8,2.0,1.15,4.0,False,24.3,21.4,2.0,2.3
cx_gravel,specialized-pathfinder-pro-47,Specialized,Pathfinder Pro 2Bliss Ready 47,2024.0,TLR,None,High,47.0,45.2,mm,580.0,604.0,,,,19.7,18.3,,,81.0,88.0,75.0,46.0,20.0,11.0,7.6,9.6,6.2,2.5,0.9,4.0,False,24.9,21.4,0.0,2.2
cx_gravel,continental-speed-king-cx-racesport,Continental,Speed King CX RaceSport 32,2022.0,TT,Butyl,High,32.0,32.3,mm,285.0,285.0,,,,19.5,18.4,,,74.0,78.0,69.0,41.0,10.0,10.4,3.6,10.6,4.2,1.9,0.55,3.5,False,25.4,21.4,0.5,1.5
cx_gravel,panaracer-gravel-king-x1-r,Panaracer,GravelKing X1 R 40,2024.0,TLR,None,High,40.0,39.4,mm,460.0,443.0,,,,19.7,19.1,,,70.0,75.0,65.0,28.0,19.0,8.0,8.0,7.4,6.0,1.6,0.65,4.5,False,23.8,21.6,1.9,2.2
cx_gravel,pirelli-gravel-m-45,Pirelli,Cinturato Gravel M 45,2023.0,TLR,None,High,45.0,44.9,mm,570.0,564.0,,,,20.1,19.3,,,75.0,78.0,73.0,31.0,17.0,7.6,5.4,7.6,6.0,2.1,0.95,4.1,False,25.6,21.7,1.9,2.2
cx_gravel,vittoria-mezcal-tnt,Vittoria,Mezcal III TNT G+ 2.0 44,2023.0,TLR,None,High,44.0,42.1,mm,500.0,520.0,,,,20.0,19.5,,,66.0,66.0,65.0,38.0,21.0,8.8,7.4,8.6,7.0,2.4,0.9,4.0,False,24.8,21.9,1.5,2.4
cx_gravel,michelin-power-gravel-40,Michelin,Power Gravel (v2) 40,2022.0,TLR,None,High,40.0,39.0,mm,490.0,495.0,,,,20.4,19.8,,,61.0,60.0,62.0,50.0,28.0,11.2,9.0,10.8,9.6,2.5,1.0,4.0,False,25.0,21.9,1.5,2.5
cx_gravel,panaracer-gravel-king-x1,Panaracer,GravelKing X1 40,2024.0,TLR,None,High,40.0,40.1,mm,480.0,493.0,,,,20.4,19.6,,,65.0,69.0,61.0,28.0,18.0,8.0,6.0,6.4,6.6,1.9,0.85,4.0,False,24.8,22.1,1.9,2.1
cx_gravel,continental-terra-trail,Continental,Terra Trail TR 40,2020.0,TLR,None,High,40.0,37.2,mm,445.0,452.0,,,,20.4,19.0,,,67.0,70.0,65.0,35.0,28.0,8.8,8.8,8.8,9.6,2.0,1.0,4.0,False,26.0,22.2,1.3,2.3
cx_gravel,hutchinson-overide,Hutchinson,Overide 35,2020.0,TLR,None,High,35.0,33.7,mm,350.0,366.0,,,,19.5,17.9,,,67.0,67.0,67.0,32.0,15.0,7.4,5.6,7.2,4.6,2.4,0.9,3.0,False,26.6,22.2,0.2,1.2
cx_gravel,pirelli-gravel-m,Pirelli,Cinturato Gravel M 40,2022.0,TLR,None,High,40.0,38.8,mm,500.0,529.0,,,,20.2,19.3,,,72.0,74.0,70.0,35.0,16.0,8.2,5.2,7.6,5.0,2.4,1.05,4.0,False,26.5,22.7,2.0,2.3
cx_gravel,wtb-riddler,WTB,Riddler TCS Light 37,2020.0,TLR,None,High,37.0,35.3,mm,465.0,446.0,,,,20.8,19.6,,,64.0,67.0,62.0,24.0,11.0,6.2,4.0,5.4,3.6,2.1,0.8,3.0,False,26.2,22.8,1.2,2.8
cx_gravel,michelin-power-adventure,Michelin,Power Adventure TLR 48,2023.0,TLR,None,High,48.0,46.3,mm,510.0,523.0,,,,20.5,19.0,,,84.0,83.0,84.0,60.0,25.0,13.6,8.4,10.4,8.4,3.0,1.0,4.0,False,26.7,22.9,0.0,0.8
cx_gravel,specialized-pathfinder-pro-38,Specialized,Pathfinder Pro 2Bliss Ready 38,2022.0,TLR,None,High,38.0,36.3,mm,480.0,480.0,,,,20.4,19.2,,,75.0,77.0,72.0,46.0,20.0,11.6,7.4,9.8,6.6,2.3,0.9,3.7,False,26.7,23.0,0.0,2.3
cx_gravel,rene-herse-steilacoom-tc,Rene Herse,Steilacoom TC 38,2021.0,TLR,None,High+,38.0,35.2,mm,445.0,435.0,,,,21.8,21.0,,,58.0,56.0,60.0,27.0,13.0,6.6,5.8,7.0,4.6,2.0,0.55,3.5,False,25.0,23.1,2.9,2.9
cx_gravel,panaracer-gravel-king-plus,Panaracer,GravelKing Plus TLC 35,2021.0,TLR,None,High,35.0,34.9,mm,350.0,356.0,,,,21.6,20.7,,,61.0,61.0,61.0,47.0,21.0,12.2,7.4,9.6,7.6,2.3,0.8,3.3,False,26.6,23.1,0.2,0.2
cx_gravel,vittoria-terreno-dry,Vittoria,Terreno Dry TNT G+ 2.0 33,2020.0,TLR,None,High,33.0,33.2,mm,410.0,415.0,,,,20.9,19.7,,,71.0,77.0,64.0,40.0,17.0,8.4,5.2,8.4,6.6,2.8,0.95,3.0,False,26.8,23.2,0.7,2.2
cx_gravel,pirelli-gravel-rc,Pirelli,Cinturato Gravel RC 40,2022.0,TLR,None,High,40.0,38.8,mm,540.0,545.0,,,,20.2,19.4,,,70.0,75.0,65.0,34.0,16.0,8.2,6.0,7.6,4.6,2.3,1.1,3.8,False,27.5,23.2,1.3,2.8
cx_gravel,zipp-g40-xplr,Zipp,G40 XPLR 40,2022.0,TLR,None,High+,40.0,39.2,mm,480.0,473.0,,,,20.6,19.3,,,75.0,81.0,69.0,30.0,11.0,6.6,4.4,5.4,3.4,1.5,0.9,3.3,False,27.7,23.3,1.6,2.0
cx_gravel,pirelli-p-zero-race-tlr-4s-32,Pirelli,P Zero Race TLR 4S SpeedCore 32,2024.0,TLR,None,High+,32.0,30.8,mm,395.0,421.0,,,,20.5,18.9,,,77.0,78.0,76.0,88.0,21.0,15.8,7.0,12.0,6.6,4.3,1.05,4.0,False,28.1,23.3,0.0,0.0
cx_gravel,vittoria-terreno-zero,Vittoria,Terreno Zero TNT G+ 2.0 37,2020.0,TLR,None,High,37.0,34.0,mm,465.0,446.0,,,,21.4,20.2,,,78.0,81.0,76.0,65.0,17.0,11.4,5.8,10.4,6.2,4.0,0.85,3.5,False,26.9,23.4,0.0,1.0
cx_gravel,rene-herse-hurricane-ridge-extra-light,Rene Herse,Hurricane Ridge TC Extralight 42,2023.0,TLR,None,High+,42.0,40.8,mm,465.0,462.0,,,,22.1,21.2,,,57.0,55.0,59.0,34.0,8.0,9.2,3.6,8.0,3.4,2.0,0.4,3.5,False,26.3,23.8,3.0,3.0
cx_gravel,pirelli-cinturato-velo-35,Pirelli,Cinturato Velo 35,2022.0,TLR,None,High,35.0,32.9,mm,410.0,413.0,,,,20.9,19.4,,,72.0,73.0,71.0,110.0,22.0,20.0,6.6,14.8,7.8,4.3,1.1,4.0,False,28.1,23.8,0.0,0.2
cx_gravel,teravail-cannonball,Teravail,Cannonball Light & Supple 42,2022.0,TLR,None,High,42.0,37.6,mm,0.0,530.0,,,,21.7,20.7,,,62.0,64.0,61.0,33.0,12.0,9.4,4.6,5.4,3.8,2.5,0.8,3.0,False,27.2,23.9,1.8,2.0
cx_gravel,schwalbe-g-one-r,Schwalbe,G-One R Super Race 40,2021.0,TLR,None,High,40.0,36.2,mm,480.0,492.0,,,,22.4,21.2,,,63.0,67.0,59.0,32.0,20.0,8.0,6.2,7.4,7.2,2.2,1.0,3.0,False,27.6,24.2,1.3,2.2
cx_gravel,maxxis-reaver-exo-tr,Maxxis,Reaver EXO/TR 40,2024.0,TLR,None,High,40.0,39.8,mm,430.0,425.0,,,,21.6,20.4,,,63.0,63.0,64.0,29.0,21.0,7.8,7.0,8.6,7.4,1.5,0.95,3.0,False,29.0,24.2,1.0,1.9
cx_gravel,wolfpack-gravel-superspeed,Wolfpack,Gravel SuperSpeed TLR 40,2023.0,TLR,None,High,40.0,38.3,mm,495.0,478.0,,,,21.5,20.3,,,79.0,92.0,66.0,53.0,20.0,11.2,6.8,9.8,7.2,3.0,0.85,3.8,False,29.4,24.2,0.0,1.9
cx_gravel,rene-herse-snoqualmie-pass-endurance-plus,Rene Herse,Snoqualmie Pass TC Endurance Plus 44,2022.0,TLR,None,High+,44.0,40.0,mm,445.0,442.0,,,,22.2,21.4,,,56.0,59.0,54.0,48.0,23.0,11.0,8.0,9.8,8.6,2.6,0.75,3.5,False,28.0,24.3,0.1,0.2
cx_gravel,rene-herse-hurricane-ridge,Rene Herse,Hurricane Ridge TC 42,2022.0,TLR,None,High+,42.0,38.9,mm,515.0,499.0,,,,22.4,21.7,,,58.0,57.0,59.0,33.0,10.0,8.4,4.0,6.8,3.6,2.3,0.55,3.5,False,28.0,24.4,2.8,2.8
cx_gravel,pirelli-gravel-rc-x,Pirelli,Cinturato Gravel RC-X 40,2024.0,TLR,None,High,40.0,39.0,mm,560.0,548.0,,,,21.9,20.7,,,70.0,75.0,65.0,33.0,22.0,7.6,7.0,7.8,6.6,2.3,1.2,3.8,False,29.1,24.7,1.2,2.9
cx_gravel,vredestein-aventura,Vredestein,Aventura 38,2023.0,TLR,None,High,38.0,35.9,mm,450.0,450.0,,,,22.0,20.5,,,68.0,69.0,68.0,39.0,20.0,9.6,6.8,8.0,7.4,2.4,0.85,3.5,False,29.5,24.7,1.1,2.5
cx_gravel,schwalbe-g-one-bite,Schwalbe,G-One Bite Super Ground SpeedGrip 40,2021.0,TLR,None,High,40.0,36.4,mm,480.0,507.0,,,,22.8,21.9,,,65.0,69.0,60.0,30.0,16.0,7.2,5.4,7.2,5.6,2.2,1.0,2.8,False,27.4,24.8,1.6,2.4
cx_gravel,wtb-resolute,WTB,Resolute TCS Light 42,2021.0,TLR,None,High,42.0,41.6,mm,460.0,484.0,,,,22.4,20.8,,,65.0,69.0,62.0,20.0,9.0,5.2,3.0,4.0,2.8,2.0,0.75,2.7,False,27.6,24.8,2.0,2.0
cx_gravel,schwalbe-g-one-speed,Schwalbe,G-One Speed Super Ground V-Guard SpeedGrip 40,2020.0,TLR,None,High,40.0,36.9,mm,465.0,481.0,,,,22.1,20.2,,,82.0,84.0,79.0,51.0,14.0,9.6,4.8,10.4,5.0,3.1,0.95,2.5,False,28.2,24.8,0.3,0.3
cx_gravel,maxxis-rambler-exo-tr,Maxxis,Rambler EXO/TR 120 TPI 40,2021.0,TLR,None,High,40.0,38.6,mm,440.0,420.0,,,,22.3,21.0,,,63.0,61.0,64.0,28.0,17.0,8.0,5.8,6.8,6.2,1.8,0.9,3.0,False,29.5,25.0,1.4,1.8
cx_gravel,panaracer-gravel-king-ss-tlc,Panaracer,GravelKing SS Plus TLC 40,2021.0,TLR,None,High,40.0,36.2,mm,460.0,474.0,,,,23.4,22.3,,,64.0,62.0,66.0,70.0,34.0,13.2,11.0,12.6,11.6,3.4,1.0,3.3,False,30.0,25.5,0.2,1.5
cx_gravel,vittoria-terreno-mix,Vittoria,Terreno Mix TNT G+ 2.0 33,2020.0,TLR,None,High,33.0,32.9,mm,420.0,416.0,,,,24.7,23.4,,,62.0,64.0,59.0,38.0,19.0,8.6,5.8,7.8,7.4,2.6,0.95,3.0,False,28.4,25.6,2.2,1.5
cx_gravel,pirelli-gravel-s,Pirelli,Cinturato Gravel S 40,2023.0,TLR,None,High,40.0,39.2,mm,540.0,553.0,,,,23.9,22.7,,,65.0,65.0,65.0,34.0,14.0,7.0,4.4,7.6,4.2,2.6,1.15,4.0,False,29.5,25.6,2.0,3.2
cx_gravel,challenge-grifo-pro,Challenge,Grifo Pro 33,2020.0,TT,Butyl,High,33.0,33.0,mm,0.0,365.0,,,,23.2,22.0,,,52.0,52.0,51.0,39.0,16.0,9.8,5.6,9.0,4.6,2.2,1.2,4.0,False,30.6,25.7,1.7,1.8
cx_gravel,wtb-nano,WTB,Nano TCS Light 40,2020.0,TLR,None,High,40.0,39.7,mm,497.0,480.0,,,,23.8,23.0,,,61.0,63.0,60.0,23.0,11.0,6.0,4.0,5.0,3.8,2.1,0.8,3.0,False,28.5,25.8,2.9,2.5
cx_gravel,pirelli-cinturato-cross-mixed-terrain,Pirelli,Cinturato Cross M 33,2020.0,TLR,None,High,33.0,30.6,mm,390.0,420.0,,,,24.8,24.1,,,65.0,67.0,63.0,35.0,19.0,8.4,5.4,7.8,6.4,2.4,1.15,3.5,False,27.9,25.9,2.6,2.7
cx_gravel,schwalbe-g-one-ultrabite,Schwalbe,G-One Ultrabite TLE SpeedGrip 40,2020.0,TLR,None,High,40.0,36.9,mm,480.0,564.0,,,,24.8,24.5,,,60.0,55.0,64.0,36.0,18.0,8.2,5.8,8.4,6.4,2.3,0.95,3.0,False,28.3,26.0,2.3,3.3
cx_gravel,schwalbe-g-one-allround,Schwalbe,G-One Allround Super Ground SpeedGrip 40,2020.0,TLR,None,High,40.0,36.4,mm,480.0,524.0,,,,23.4,21.8,,,70.0,73.0,68.0,35.0,17.0,8.0,5.4,8.2,6.0,2.3,1.0,2.5,False,29.0,26.0,1.1,1.3
cx_gravel,irc-boken-doublecross,IRC,Boken Doublecross 42,2023.0,TLR,None,High,42.0,41.7,mm,530.0,559.0,,,,23.5,22.7,,,70.0,77.0,63.0,30.0,16.0,7.0,5.4,6.8,4.6,2.3,1.15,2.8,False,29.8,26.3,2.1,2.1
cx_gravel,wtb-byway-sg2,WTB,Byway TCS Light SG2 40,2020.0,TLR,None,High,40.0,35.7,mm,463.0,462.0,,,,23.9,22.3,,,66.0,71.0,62.0,49.0,19.0,10.8,7.4,8.4,5.8,3.1,0.85,2.5,False,29.7,26.6,0.0,1.8
cx_gravel,vittoria-terreno-dry-tlr-40,Vittoria,Terreno Dry TLR G+ 2.0 40,2022.0,TLR,None,High,40.0,39.7,mm,450.0,460.0,,,,23.4,22.0,,,71.0,77.0,64.0,50.0,13.0,12.0,5.0,7.8,5.2,3.0,0.6,2.5,False,31.0,26.6,0.5,2.3
cx_gravel,vittoria-terreno-zero-gravel-lite,Vittoria,Terreno Zero Gravel Lite 40,2024.0,TLR,None,High,40.0,39.2,mm,440.0,445.0,,,,24.8,22.9,,,73.0,73.0,74.0,64.0,14.0,13.0,6.6,8.8,4.2,3.9,0.6,3.0,False,32.6,27.8,0.0,1.1
cx_gravel,vittoria-terreno-wet,Vittoria,Terreno Wet TNT G+ 2.0 33,2020.0,TLR,None,High,33.0,32.8,mm,410.0,413.0,,,,27.9,27.7,,,58.0,59.0,57.0,40.0,17.0,8.2,5.4,9.4,6.2,2.6,0.95,2.5,False,29.7,28.4,2.2,2.1
cx_gravel,challenge-gravel-grinder,Challenge,Gravel Grinder 33,2020.0,TT,Butyl,High,33.0,33.0,mm,0.0,412.0,,,,25.1,23.5,,,53.0,53.0,52.0,62.0,13.0,15.6,4.0,11.2,4.0,2.6,1.2,3.5,False,33.9,28.7,0.7,2.3
cx_gravel,hutchinson-touareg,Hutchinson,Touareg Hardskin TLR 40,2024.0,TLR,None,High,40.0,39.6,mm,490.0,502.0,,,,24.5,22.7,,,66.0,70.0,63.0,34.0,15.0,8.6,5.8,6.4,4.2,2.5,0.95,2.5,False,34.0,29.0,1.4,1.8
cx_gravel,pirelli-cinturato-all-road,Pirelli,Cinturato All Road 40,2023.0,TLR,None,High,40.0,36.2,mm,590.0,552.0,,,,26.1,24.4,,,69.0,72.0,65.0,80.0,23.0,15.0,5.8,10.2,6.4,4.4,1.7,3.5,False,35.9,29.7,0.0,1.2
cx_gravel,maxxis-re-fuse-gravel,Maxxis,Re-Fuse Gravel 40,2020.0,TLR,None,High,40.0,37.0,mm,520.0,514.0,,,,27.6,25.8,,,62.0,62.0,61.0,98.0,21.0,19.6,7.4,14.6,6.4,3.7,1.05,3.5,False,33.6,30.1,0.3,0.3
cx_gravel,bontrager-gr1-team-issue,Bontrager,GR1 Team Issue 40,2023.0,TLR,None,High,40.0,38.9,mm,430.0,437.0,,,,27.7,26.3,,,73.0,73.0,72.0,24.0,15.0,7.0,5.4,6.4,4.8,1.6,0.9,2.0,False,36.2,30.4,1.2,1.2
cx_gravel,goodyear-connector-ultimate,Goodyear,Connector Ultimate 35,2023.0,TLR,None,High,35.0,34.0,mm,460.0,454.0,,,,27.8,26.1,,,65.0,69.0,60.0,40.0,17.0,10.0,6.2,8.2,6.0,2.4,0.8,2.5,False,37.0,31.4,1.7,2.4
tour/e-bike,compass-bon-jon-pass-2018,Compass,Bon Jon Pass,2018.0,TLR,None,High,35.0,35.0,mm,355.0,346.0,,,,15.6,14.2,,,61.0,61.0,60.0,38.0,8.0,8.0,3.0,,,2.9,0.6,3.0,False,23.6,18.3,,
tour/e-bike,continental-grand-prix-urban,Continental,Grand Prix Urban,2021.0,TT,Butyl,High,35.0,33.3,mm,345.0,342.0,,,,16.9,15.2,,,68.0,66.0,70.0,66.0,11.0,13.8,4.4,10.6,4.4,3.4,0.6,4.7,False,25.4,19.7,,
tour/e-bike,schwalbe-marathon-almotion-2016,Schwalbe,Marathon Almotion (OneStar),2016.0,TT,Butyl,High,40.0,38.3,mm,610.0,629.0,,,,17.1,15.8,,,,,,107.0,17.0,13.4,5.8,,,6.6,0.9,5.0,False,24.9,19.4,,
tour/e-bike,vittoria-voyager-hyper-2016,Vittoria,Voyager Hyper,2016.0,TT,Butyl,High,37.0,37.0,mm,395.0,415.0,,,,17.7,15.5,,,,,,60.0,19.0,12.0,6.8,,,3.3,0.8,5.0,False,27.7,21.1,,
tour/e-bike,continental-contact-urban,Continental,Contact Urban,2022.0,TT,Butyl,Med,40.0,38.8,mm,545.0,538.0,,,,18.4,16.9,,,81.0,85.0,78.0,95.0,11.0,16.8,4.8,13.0,3.0,4.4,0.75,5.0,False,26.7,20.9,,
tour/e-bike,schwalbe-marathon-efficiency,Schwalbe,Marathon Efficiency,2022.0,TT,Butyl,High,40.0,37.7,mm,510.0,514.0,,,,18.5,17.3,,,77.0,85.0,68.0,69.0,18.0,13.0,7.0,10.0,5.4,4.0,0.9,4.5,False,25.6,20.9,,
tour/e-bike,schwalbe-marathon-supreme-2016,Schwalbe,Marathon Supreme,2016.0,TT,Butyl,High,37.0,35.0,mm,440.0,431.0,,,,19.1,16.9,,,,,,99.0,11.0,15.4,4.0,,,5.0,0.7,5.0,False,32.3,23.6,,
tour/e-bike,schwalbe-marathon-almotion-addix,Schwalbe,Marathon Almotion Addix,2022.0,TT,Butyl,High,40.0,38.2,mm,490.0,501.0,,,,19.4,18.4,,,77.0,83.0,71.0,81.0,12.0,14.2,4.4,10.0,4.4,4.7,0.65,4.5,False,25.3,21.4,,
tour/e-bike,schwalbe-marathon-almotion-tle-addix,Schwalbe,Marathon Almotion TLE Addix,2021.0,TLR,None,High,40.0,37.7,mm,625.0,607.0,,,,19.7,18.9,,,74.0,78.0,69.0,83.0,17.0,14.2,5.0,9.6,6.2,5.0,1.0,3.5,False,26.2,21.7,,
tour/e-bike,panaracer-pasela-pt,Panaracer,Pasela PT (ProTite),2021.0,TT,Butyl,High,38.0,35.2,mm,420.0,408.0,,,,20.6,18.9,,,63.0,61.0,64.0,76.0,7.0,14.6,3.2,12.4,2.2,3.6,0.55,3.5,False,28.8,23.6,,
tour/e-bike,continental-sport-contact-2016,Continental,Sport Contact II,2016.0,TT,Butyl,Med,37.0,36.0,mm,520.0,479.0,,,,20.6,18.9,,,,,,76.0,17.0,13.2,5.6,,,4.2,1.0,4.0,False,30.1,23.8,,
tour/e-bike,schwalbe-marathon-2015,Schwalbe,Marathon (GreenGuard),2015.0,TT,Butyl,Med,37.0,35.1,mm,730.0,729.0,,,,21.3,19.6,,,,,,124.0,20.0,14.8,5.6,,,7.3,1.65,5.0,False,30.6,23.8,,
tour/e-bike,schwalbe-energizer-plus-2015,Schwalbe,Energizer Plus,2015.0,TT,Butyl,Med,37.0,35.0,mm,730.0,742.0,,,,21.5,19.9,,,,,,117.0,17.0,14.4,4.8,,,7.0,1.5,5.0,False,31.2,24.0,,
tour/e-bike,cst-e-series-reach-2015,CST,E-Series Reach,2015.0,TT,Butyl,Med,37.0,37.1,mm,734.0,734.0,,,,21.9,19.0,,,,,,61.0,26.0,10.4,6.8,,,4.4,1.8,3.0,False,36.2,26.6,,
tour/e-bike,schwalbe-green-marathon,Schwalbe,Green Marathon,2024.0,TT,Butyl,Med,40.0,38.4,mm,790.0,857.0,,,,22.4,21.6,,,71.0,72.0,71.0,105.0,21.0,13.8,5.4,9.6,6.4,7.0,1.55,4.5,False,29.4,24.8,,
tour/e-bike,continental-top-contact-ii-2015,Continental,Top Contact II,2015.0,TT,Butyl,High,37.0,37.2,mm,600.0,584.0,,,,24.2,22.1,,,,,,95.0,19.0,16.0,6.2,,,4.4,1.05,3.0,False,35.6,28.4,,
tour/e-bike,continental-urban-taraxagum,Continental,Urban Taraxagum,2022.0,TT,Butyl,High,35.0,32.6,mm,340.0,348.0,,,,24.2,22.1,,,73.0,74.0,73.0,84.0,10.0,18.2,4.4,14.0,3.6,3.2,0.6,3.5,False,37.2,28.6,,
tour/e-bike,continental-contact-ii-2015,Continental,Contact II,2015.0,TT,Butyl,Med,37.0,33.8,mm,620.0,623.0,,,,24.3,21.7,,,,,,65.0,30.0,11.4,7.6,,,4.2,1.95,2.0,False,39.4,28.9,,
tour/e-bike,schwalbe-marathon-racer-2015,Schwalbe,Marathon Racer,2015.0,TT,Butyl,Med,35.0,33.2,mm,465.0,450.0,,,,24.6,22.6,,,,,,97.0,13.0,16.4,4.6,,,4.6,0.8,3.0,False,38.3,28.8,,
tour/e-bike,schwalbe-kojak-2017,Schwalbe,Kojak,2017.0,TT,Butyl,Med,35.0,33.2,mm,330.0,351.0,,,,24.8,21.9,,,74.0,72.0,76.0,67.0,9.0,12.0,3.4,,,3.9,0.55,2.0,False,37.5,29.1,,
tour/e-bike,continental-city-ride-ii-2015,Continental,City Ride II,2015.0,TT,Butyl,Low,37.0,37.0,mm,740.0,782.0,,,,25.1,23.9,,,,,,93.0,26.0,13.8,6.8,,,5.5,1.8,4.0,False,40.5,29.8,,
tour/e-bike,schwalbe-marathon-plus-2015,Schwalbe,Marathon Plus,2015.0,TT,Butyl,High,37.0,34.3,mm,900.0,898.0,,,,25.5,23.6,,,,,,129.0,21.0,13.0,5.8,,,9.0,1.6,5.0,False,36.6,28.9,,
tour/e-bike,schwalbe-marathon-mondial-2016,Schwalbe,Marathon Mondial Evo,2016.0,TT,Butyl,High,37.0,35.1,mm,570.0,579.0,,,,26.7,24.5,,,,,,108.0,20.0,14.8,6.4,,,6.1,1.1,3.0,False,38.6,30.8,,
tour/e-bike,vredestein-perfect-e-2015,Vredestein,Perfect-E,2015.0,TT,Butyl,Med,37.0,37.3,mm,660.0,693.0,,,,27.3,24.6,,,,,,82.0,14.0,13.0,4.2,,,4.8,1.4,2.0,False,41.3,32.0,,
tour/e-bike,schwalbe-marathon-e-plus,Schwalbe,Marathon E-Plus,2020.0,TT,Butyl,High,37.0,32.3,mm,930.0,911.0,,,,27.4,25.5,,,72.0,74.0,70.0,163.0,26.0,16.4,7.6,13.8,6.2,8.8,1.8,5.0,False,34.8,30.1,,
tour/e-bike,continental-top-contact-winter-2016,Continental,Top Contact Winter II,2016.0,TT,Butyl,High,37.0,32.1,mm,470.0,468.0,,,,28.5,27.0,,,,,,119.0,19.0,17.6,5.2,,,5.5,0.85,4.0,False,36.4,30.8,,
tour/e-bike,vittoria-randonneur-2015,Vittoria,Randonneur,2015.0,TT,Butyl,Med,37.0,33.4,mm,570.0,598.0,,,,32.4,29.0,,,,,,150.0,14.0,21.6,4.8,,,5.7,0.9,2.0,False,52.1,38.9,,
tour/e-bike,continental-e-contact-2015,Continental,E.Contact,2015.0,TT,Butyl,Med,37.0,35.0,mm,800.0,840.0,,,,33.4,29.6,,,,,,124.0,31.0,16.0,8.0,,,6.6,1.85,2.0,False,51.1,39.4,,
fat,schwalbe-jumbo-jim-liteskin-2016,Schwalbe,Jumbo Jim LiteSkin PaceStar,2016.0,TLR,None,High,4.0,,inch,990.0,1079.0,,,,20.5,19.2,,,,,,23.0,13.0,6.4,5.2,,,1.7,0.55,5.0,False,29.4,23.2,3.7,6.8
fat,schwalbe-jumbo-jim-snakeskin-2017,Schwalbe,Jumbo Jim SnakeSkin,2017.0,TLR,None,High,4.0,,inch,1090.0,1164.0,,,,20.6,19.1,,,,,,27.0,18.0,7.4,6.0,,,1.7,1.05,5.0,False,31.1,23.7,3.4,6.5
fat,specialized-fast-trak-fat-2016,Specialized,Fast Trak Fat,2016.0,TLR,None,High,4.0,,inch,0.0,1189.0,,,,24.5,21.9,,,,,,32.0,25.0,8.4,7.0,,,1.8,1.5,4.0,False,35.9,28.6,3.2,4.8
fat,veerubber-vee-8-2016,VeeRubber ,Vee 8,2016.0,TLR,None,Med,4.0,,inch,1390.0,1385.0,,,,25.0,22.9,,,,,,37.0,23.0,9.0,7.8,,,2.2,1.0,4.0,False,38.3,29.7,3.3,3.6
fat,surly-larry-120tpi-2016,Surly,Larry,2016.0,TLR,None,High,3.8,,inch,1256.0,1212.0,,,,28.7,26.2,,,,,,30.0,13.0,6.8,4.4,,,2.5,0.9,3.0,False,40.9,32.2,4.5,4.5
fat,45nrth-van-helga-2016,45NRTH,Van Helga,2016.0,TLR,None,High,4.0,,inch,0.0,1229.0,,,,31.9,29.7,,,,,,23.0,13.0,6.0,4.6,,,1.9,0.9,3.0,False,43.5,35.5,5.8,6.5
fat,45nrth-husker-du-2016,45NRTH,Husker Du,2016.0,TLR,None,High,4.0,,inch,0.0,1290.0,,,,31.7,29.1,,,,,,32.0,16.0,7.6,5.4,,,2.3,0.9,2.0,False,44.2,35.1,4.3,4.3
fat,surly-larry-27tpi-2016,Surly,Larry 27 TPI,2016.0,TLR,None,High,3.8,,inch,1567.0,1660.0,,,,33.9,29.4,,,,,,28.0,16.0,5.8,4.8,,,2.9,1.3,2.0,False,45.5,38.0,4.5,4.5
fat,vittoria-bomboloni-2017,Vittoria,Bomboloni TNT,2017.0,TLR,None,High,4.0,,inch,1525.0,1506.0,,,,32.0,29.3,,,,,,33.0,22.0,8.2,6.4,,,2.1,1.4,2.0,False,46.4,36.6,3.1,6.5
fat,maxxis-mammoth-2016,Maxxis,Mammoth,2016.0,TLR,None,High,4.0,,inch,1270.0,1271.0,,,,29.7,26.2,,,,,,35.0,20.0,8.2,6.8,,,2.4,0.95,2.0,False,47.2,35.2,3.0,5.5
fat,panaracer-fat-b-nimble-2016,Panaracer,Fat B Nimble,2016.0,TLR,None,High,4.0,,inch,1180.0,1135.0,,,,33.9,31.8,,,,,,37.0,15.0,8.6,5.4,,,2.4,0.85,2.0,False,47.9,38.0,4.0,4.5
fat,kenda-juggernaut-pro-2016,Kenda,Juggernaut Pro,2016.0,TLR,None,Med,4.0,,inch,835.0,853.0,,,,38.4,36.3,,,,,,26.0,12.0,7.0,4.8,,,1.7,0.5,1.0,False,51.7,42.1,3.0,3.0
